{
    "call_decay": {
        "09:18": 6.209999999999998,
        "09:21": 0.979999999999998,
        "09:24": 6.750000000000003,
        "09:27": 8.850000000000007,
        "09:30": 11.539999999999994,
        "09:33": 7.639999999999999,
        "09:36": 9.069999999999997,
        "09:39": 6.94,
        "09:42": 1.8999999999999981,
        "09:45": 2.2300000000000018,
        "09:48": 2.4299999999999984,
        "09:51": 8.459999999999997,
        "09:54": 9.739999999999993,
        "09:57": 5.630000000000001,
        "10:00": 5.559999999999995,
        "10:03": 7.409999999999997,
        "10:06": 6.409999999999997,
        "10:09": 4.2900000000000045,
        "10:12": 10.16,
        "10:15": 8.670000000000003,
        "10:18": 6.140000000000002,
        "10:21": 3.2100000000000035,
        "10:24": 5.220000000000003,
        "10:27": 2.519999999999997,
        "10:30": 2.120000000000002,
        "10:33": 0.2299999999999976,
        "10:36": -2.3999999999999977,
        "10:39": 3.3100000000000045,
        "10:42": 4.67,
        "10:45": 5.11,
        "10:48": 4.530000000000001,
        "10:51": 4.460000000000001,
        "10:54": 5.49,
        "10:57": 2.98,
        "11:00": 2.940000000000004,
        "11:03": 5.0800000000000045,
        "11:06": 4.899999999999995,
        "11:09": 3.8100000000000014,
        "11:12": 3.9300000000000006,
        "11:15": 1.2899999999999998,
        "11:18": -2.4399999999999986,
        "11:21": -0.5899999999999984,
        "11:24": -0.8100000000000044,
        "11:27": -0.7099999999999959,
        "11:30": -0.079999999999999,
        "11:33": -4.009999999999999,
        "11:36": -1.8599999999999972,
        "11:39": -6.049999999999999,
        "11:42": -10.129999999999999,
        "11:45": -11.389999999999999,
        "11:48": -10.520000000000005,
        "11:51": -11.390000000000002,
        "11:54": -11.23,
        "11:57": -12.620000000000003,
        "12:00": -14.339999999999998,
        "12:03": -13.35,
        "12:06": -13.819999999999999,
        "12:09": -15.25,
        "12:12": -16.06,
        "12:15": -12.069999999999999,
        "12:18": -12.580000000000002,
        "12:21": -9.7,
        "12:24": -11.809999999999995,
        "12:27": -9.489999999999998,
        "12:30": -7.83,
        "12:33": -3.040000000000002,
        "12:36": -2.749999999999999,
        "12:39": -5.919999999999996,
        "12:42": -2.5800000000000005,
        "12:45": -3.189999999999997,
        "12:48": -3.3100000000000014,
        "12:51": 3.6199999999999966,
        "12:54": 4.169999999999995,
        "12:57": -0.38999999999999985,
        "13:00": -1.2100000000000015,
        "13:03": 1.5900000000000012,
        "13:06": -1.070000000000001,
        "13:09": -4.820000000000001,
        "13:12": -5.869999999999999,
        "13:15": -8.370000000000001,
        "13:18": -8.310000000000006,
        "13:21": -5.0,
        "14:48": 79.55999999999999,
        "14:51": 66.42,
        "14:54": 56.959999999999994,
        "14:57": 62.2,
        "15:00": 64.52,
        "15:03": 70.9,
        "15:06": 61.629999999999995,
        "15:09": 73.11999999999999,
        "15:12": 74.65,
        "15:15": 66.12999999999998,
        "15:18": 63.5,
        "15:21": 60.96,
        "15:24": 54.08,
        "15:27": 55.8,
        "15:30": 57.31
    },
    "maxpain": {
        "09:18": 0.0,
        "09:21": 0.0,
        "09:24": 0.0,
        "09:27": 0.0,
        "09:30": 0.0,
        "09:33": 0.0,
        "09:36": 0.0,
        "09:39": 0.0,
        "09:42": 0.0,
        "09:45": 0.0,
        "09:48": 0.0,
        "09:51": 0.0,
        "09:54": 0.0,
        "09:57": 0.0,
        "10:00": 0.0,
        "10:03": 0.0,
        "10:06": 0.0,
        "10:09": 0.0,
        "10:12": 0.0,
        "10:15": 0.0,
        "10:18": 0.0,
        "10:21": 0.0,
        "10:24": 0.0,
        "10:27": 0.0,
        "10:30": 0.0,
        "10:33": 0.0,
        "10:36": 0.0,
        "10:39": 0.0,
        "10:42": 0.0,
        "10:45": 0.0,
        "10:48": 0.0,
        "10:51": 0.0,
        "10:54": 0.0,
        "10:57": 0.0,
        "11:00": 0.0,
        "11:03": 0.0,
        "11:06": 0.0,
        "11:09": 0.0,
        "11:12": 0.0,
        "11:15": 0.0,
        "11:18": 0.0,
        "11:21": 0.0,
        "11:24": 0.0,
        "11:27": 0.0,
        "11:30": 0.0,
        "11:33": 0.0,
        "11:36": 0.0,
        "11:39": 0.0,
        "11:42": 0.0,
        "11:45": 0.0,
        "11:48": 0.0,
        "11:51": 0.0,
        "11:54": 0.0,
        "11:57": 0.0,
        "12:00": 0.0,
        "12:03": 0.0,
        "12:06": 0.0,
        "12:09": 0.0,
        "12:12": 0.0,
        "12:15": 0.0,
        "12:18": 0.0,
        "12:21": 0.0,
        "12:24": 0.0,
        "12:27": 0.0,
        "12:30": 0.0,
        "12:33": 0.0,
        "12:36": 0.0,
        "12:39": 0.0,
        "12:42": 0.0,
        "12:45": 0.0,
        "12:48": 0.0,
        "12:51": 0.0,
        "12:54": 0.0,
        "12:57": 0.0,
        "13:00": 0.0,
        "13:03": 0.0,
        "13:06": 0.0,
        "13:09": 0.0,
        "13:12": 0.0,
        "13:15": 0.0,
        "13:18": 0.0,
        "13:21": 0.0,
        "14:48": 0.0,
        "14:51": 0.0,
        "14:54": 0.0,
        "14:57": 0.0,
        "15:00": 0.0,
        "15:03": 0.0,
        "15:06": 0.0,
        "15:09": 0.0,
        "15:12": 0.0,
        "15:15": 0.0,
        "15:18": 0.0,
        "15:21": 0.0,
        "15:24": 0.0,
        "15:27": 0.0,
        "15:30": 0.0
    },
    "pcr": {
        "09:18": 0.8796433878157504,
        "09:21": 0.8909357896142037,
        "09:24": 0.9889087656529517,
        "09:27": 0.9507855081756973,
        "09:30": 0.89920645359288,
        "09:33": 0.9182690409444466,
        "09:36": 0.9319676277187658,
        "09:39": 0.9262408944604439,
        "09:42": 0.9290455911823647,
        "09:45": 0.9329704786132639,
        "09:48": 0.9388327721661055,
        "09:51": 0.9430128706726748,
        "09:54": 0.952547983104019,
        "09:57": 0.9580885513683909,
        "10:00": 0.9642914368118662,
        "10:03": 0.9639140246708003,
        "10:06": 0.9815958523537066,
        "10:09": 0.9829826422951411,
        "10:12": 0.9824788721499159,
        "10:15": 0.9774895785085688,
        "10:18": 0.9593608521970706,
        "10:21": 0.9573008734306899,
        "10:24": 0.9470671425685231,
        "10:27": 0.933454966035154,
        "10:30": 0.9317645918795827,
        "10:33": 0.9347815820543093,
        "10:36": 0.9361553071582028,
        "10:39": 0.9426165862273717,
        "10:42": 0.9431176399903869,
        "10:45": 0.9380954471616104,
        "10:48": 0.9437878809795894,
        "10:51": 0.9479914224446033,
        "10:54": 0.9467806912149268,
        "10:57": 0.9465723143655549,
        "11:00": 0.9495551835300303,
        "11:03": 0.9453322234200794,
        "11:06": 0.9441893947625775,
        "11:09": 0.9447962945457983,
        "11:12": 0.9458910831193622,
        "11:15": 0.9468247540395927,
        "11:18": 0.951372703930476,
        "11:21": 0.951757328654005,
        "11:24": 0.9516348598874991,
        "11:27": 0.9493139034514274,
        "11:30": 0.949633270417147,
        "11:33": 0.9525271462184028,
        "11:36": 0.9526318424148374,
        "11:39": 0.953178080842893,
        "11:42": 0.9514218153155884,
        "11:45": 0.9585561026050785,
        "11:48": 0.9474569675883537,
        "11:51": 0.9494551198281838,
        "11:54": 0.9490078267056684,
        "11:57": 0.9436830691497686,
        "12:00": 0.937060773480663,
        "12:03": 0.9347586101365162,
        "12:06": 0.9334698947460176,
        "12:09": 0.9317785834099886,
        "12:12": 0.9322406254711495,
        "12:15": 0.9268166564656719,
        "12:18": 0.9259703297505238,
        "12:21": 0.9241029552740354,
        "12:24": 0.9238508399483109,
        "12:27": 0.9220542152179866,
        "12:30": 0.9147828346425216,
        "12:33": 0.9180058743831403,
        "12:36": 0.9229127741174157,
        "12:39": 0.9226973042562322,