{
    "call_decay": {
        "09:54": -428.05,
        "09:57": -344.7,
        "10:00": -344.29999999999995,
        "10:03": -430.15,
        "10:06": -429.11,
        "10:09": -430.73,
        "10:12": -423.13,
        "10:15": -426.53000000000003,
        "10:18": -483.5,
        "10:21": -483.78999999999985,
        "10:24": -481.93,
        "10:27": -477.27,
        "10:30": -473.41999999999996,
        "10:33": -472.62999999999994,
        "10:36": -473.5,
        "10:39": -478.14000000000004,
        "10:42": -461.56000000000006,
        "10:45": -472.3999999999999,
        "10:48": -471.25999999999993,
        "10:51": -468.75,
        "10:54": -469.09000000000003,
        "10:57": -467.93,
        "11:00": -465.06000000000006,
        "11:03": -463.98000000000013,
        "11:06": -467.92999999999995,
        "11:09": -466.96999999999997,
        "11:12": -465.95,
        "11:15": -462.78000000000003,
        "11:18": -474.8,
        "11:21": -480.3,
        "11:24": -477.76999999999987,
        "11:27": -479.27,
        "11:30": -479.28999999999996,
        "11:33": -480.85,
        "11:36": -485.05,
        "11:39": -486.51000000000005,
        "11:42": -487.35,
        "11:45": -484.15,
        "11:48": -483.39,
        "11:51": -483.4200000000001,
        "11:54": -482.39000000000004,
        "11:57": -482.15,
        "12:00": -486.46999999999997,
        "12:03": -486.43,
        "12:06": -482.35,
        "12:09": -482.78999999999996,
        "12:12": -480.05,
        "12:15": -486.65,
        "12:18": -485.43999999999994,
        "12:21": -485.37,
        "12:24": -486.87,
        "12:27": -488.62,
        "12:30": -486.75,
        "12:33": -486.93,
        "12:36": -487.5999999999999,
        "12:39": -486.7299999999999,
        "12:42": -487.58999999999986,
        "12:45": -483.96999999999997,
        "12:48": -483.09,
        "12:51": -486.14,
        "12:54": -486.15,
        "12:57": -484.89,
        "13:00": -469.53999999999996,
        "13:03": -474.75,
        "13:06": -472.25,
        "13:09": -475.14,
        "13:12": -479.89,
        "13:15": -476.08000000000004,
        "13:18": -479.73999999999995,
        "13:21": -470.37000000000006,
        "13:24": -465.39000000000004,
        "13:27": -465.85,
        "13:30": -475.07000000000005,
        "13:33": -471.21999999999997,
        "13:36": -473.93,
        "13:39": -474.66999999999996,
        "13:42": -481.41,
        "13:45": -480.41999999999996,
        "13:48": -473.63,
        "13:51": -472.16999999999996,
        "13:54": -475.15999999999997,
        "13:57": -479.50999999999993,
        "14:00": -470.75999999999993,
        "14:03": -430.01000000000005,
        "14:06": -440.75,
        "14:09": -433.10999999999996,
        "14:12": -429.12999999999994,
        "14:15": -433.59,
        "14:18": -453.26000000000005,
        "14:21": -451.62,
        "14:24": -452.25,
        "14:27": -444.65999999999997,
        "14:30": -447.89,
        "14:33": -441.55,
        "14:36": -446.93999999999994,
        "14:39": -448.46999999999997,
        "14:42": -439.48999999999995
    },
    "maxpain": {
        "09:54": 0.0,
        "09:57": 0.0,
        "10:00": 0.0,
        "10:03": 0.0,
        "10:06": 0.0,
        "10:09": 0.0,
        "10:12": 0.0,
        "10:15": 0.0,
        "10:18": 0.0,
        "10:21": 0.0,
        "10:24": 0.0,
        "10:27": 0.0,
        "10:30": 0.0,
        "10:33": 0.0,
        "10:36": 0.0,
        "10:39": 0.0,
        "10:42": 0.0,
        "10:45": 0.0,
        "10:48": 0.0,
        "10:51": 0.0,
        "10:54": 0.0,
        "10:57": 0.0,
        "11:00": 0.0,
        "11:03": 0.0,
        "11:06": 0.0,
        "11:09": 0.0,
        "11:12": 0.0,
        "11:15": 0.0,
        "11:18": 0.0,
        "11:21": 0.0,
        "11:24": 0.0,
        "11:27": 0.0,
        "11:30": 0.0,
        "11:33": 0.0,
        "11:36": 0.0,
        "11:39": 0.0,
        "11:42": 0.0,
        "11:45": 0.0,
        "11:48": 0.0,
        "11:51": 0.0,
        "11:54": 0.0,
        "11:57": 0.0,
        "12:00": 0.0,
        "12:03": 0.0,
        "12:06": 0.0,
        "12:09": 0.0,
        "12:12": 0.0,
        "12:15": 0.0,
        "12:18": 0.0,
        "12:21": 0.0,
        "12:24": 0.0,
        "12:27": 0.0,
        "12:30": 0.0,
        "12:33": 0.0,
        "12:36": 0.0,
        "12:39": 0.0,
        "12:42": 0.0,
        "12:45": 0.0,
        "12:48": 0.0,
        "12:51": 0.0,
        "12:54": 0.0,
        "12:57": 0.0,
        "13:00": 0.0,
        "13:03": 0.0,
        "13:06": 0.0,
        "13:09": 0.0,
        "13:12": 0.0,
        "13:15": 0.0,
        "13:18": 0.0,
        "13:21": 0.0,
        "13:24": 0.0,
        "13:27": 0.0,
        "13:30": 0.0,
        "13:33": 0.0,
        "13:36": 0.0,
        "13:39": 0.0,
        "13:42": 0.0,
        "13:45": 0.0,
        "13:48": 0.0,
        "13:51": 0.0,
        "13:54": 0.0,
        "13:57": 0.0,
        "14:00": 0.0,
        "14:03": 0.0,
        "14:06": 0.0,
        "14:09": 0.0,
        "14:12": 0.0,
        "14:15": 0.0,
        "14:18": 0.0,
        "14:21": 0.0,
        "14:24": 0.0,
        "14:27": 0.0,
        "14:30": 0.0,
        "14:33": 0.0,
        "14:36": 0.0,
        "14:39": 0.0,
        "14:42": 0.0
    },
    "pcr": {
        "09:54": 0.9241433631679894,
        "09:57": 0.9278037093925836,
        "10:00": 0.9270618021515783,
        "10:03": 0.9242422007182669,
        "10:06": 0.9207607165724259,
        "10:09": 0.9189721367908844,
        "10:12": 0.9175248555802198,
        "10:15": 0.9266338335669986,
        "10:18": 0.9599599248131401,
        "10:21": 0.9371184347802107,
        "10:24": 0.9388766839751127,
        "10:27": 0.9385453228797966,
        "10:30": 0.9374018617351552,
        "10:33": 0.9362518307102147,
        "10:36": 0.9346675554397625,
        "10:39": 0.9346908915786563,
        "10:42": 0.9284269675311071,
        "10:45": 0.9260523887069815,
        "10:48": 0.9259708199770061,
        "10:51": 0.9231741446517504,
        "10:54": 0.9226730595722258,
        "10:57": 0.9172335739320819,
        "11:00": 0.9144039416270954,
        "11:03": 0.9114823364732278,
        "11:06": 0.9105903077663209,
        "11:09": 0.9094712521265382,
        "11:12": 0.909180415575103,
        "11:15": 0.9083219814309978,
        "11:18": 0.9090419292635447,
        "11:21": 0.9103991096411634,
        "11:24": 0.9123029256035061,
        "11:27": 0.9135836895847019,
        "11:30": 0.9155042760931313,
        "11:33": 0.9167085679355679,
        "11:36": 0.916521299113107,
        "11:39": 0.9149360277632751,
        "11:42": 0.9147537341122783,
        "11:45": 0.91677700539999,
        "11:48": 0.9168867534437388,
        "11:51": 0.9172801783594777,
        "11:54": 0.9159291734263532,
        "11:57": 0.9154557020034586,
        "12:00": 0.9156057052656886,
        "12:03": 0.9175122799390435,
        "12:06": 0.9186891794437939,
        "12:09": 0.9184627671623684,
        "12:12": 0.9184999302625417,
        "12:15": 0.9178714655434768,
        "12:18": 0.9201468380821568,
        "12:21": 0.9210479390041673,
        "12:24": 0.9220928973293305,
        "12:27": 0.9227295122532964,
        "12:30": 0.9243556412180826,
        "12:33": 0.9255961286214803,
        "12:36": 0.9257902022426677,
        "12:39": 0.9258191841401167,
        "12:42": 0.926238367908964,
        "12:45": 0.9290747794483912,
        "12:48": 0.9278434167268442,
        "12:51": 0.9274527792949594,
        "12:54": 0.9275702695418522,
        "12:57": 0.9270291692559907,
        "13:00": 0.923100110607775,
        "13:03": 0.9201758563402435,
        "13:06": 0.9195028418548269,
        "13:09": 0.919278262119067,
        "13:12": 0.9167508246968463,
        "13:15": 0.9161214426738269,
        "13:18": 0.9158537775593518,
        "13:21": 0.9140514826560472,
        "13:24": 0.9122698541619814,
        "13:27": 0.9110458325050979,
        "13:30": 0.9103631517332347,