{
    "call_decay": {
        "09:15": 1.2399999999999998,
        "09:18": -91.07000000000001,
        "09:21": -93.23,
        "09:24": -99.08999999999999,
        "09:27": -110.12,
        "09:30": -105.13999999999999,
        "09:33": -122.68000000000002,
        "09:36": -123.28,
        "09:39": -129.1,
        "09:42": -133.08,
        "09:45": -128.88,
        "09:48": -130.39999999999995,
        "09:51": -133.56,
        "09:54": -131.60999999999999,
        "09:57": -142.65,
        "10:00": -163.86,
        "10:03": -277.28000000000003,
        "10:06": -296.35,
        "10:09": -284.98,
        "10:12": -302.69,
        "10:15": -285.54,
        "10:18": -286.81000000000006,
        "10:21": -295.2900000000001,
        "10:24": -295.68,
        "10:27": -308.89000000000004,
        "10:30": -302.16,
        "10:33": -290.91,
        "10:36": -283.92,
        "10:39": -293.39,
        "10:42": -291.46999999999997,
        "10:45": -296.66999999999996,
        "10:48": -181.56,
        "10:51": -189.17000000000002,
        "10:54": -184.45000000000002,
        "10:57": -185.17000000000002,
        "11:00": -185.17000000000002,
        "11:03": -189.73,
        "11:06": -190.61999999999998,
        "11:09": -185.01999999999998,
        "11:12": -190.56,
        "11:15": -198.95999999999998,
        "11:30": -192.42000000000002,
        "11:33": -188.61,
        "11:36": -187.2,
        "11:39": -183.54999999999998,
        "11:42": -185.49,
        "11:45": -183.32,
        "11:48": -191.95,
        "11:51": -190.58,
        "11:54": -298.7,
        "11:57": -295.12,
        "12:00": -301.37,
        "12:03": -298.24,
        "12:06": -299.61,
        "12:09": -299.8,
        "12:12": -289.62,
        "12:15": -293.17,
        "12:18": -290.87,
        "12:21": -294.26000000000005,
        "12:24": -300.82,
        "12:27": -292.66,
        "12:30": -287.86,
        "12:33": -288.6,
        "12:36": -290.5,
        "12:39": -293.68,
        "12:42": -289.06000000000006,
        "12:45": -285.03000000000003,
        "12:48": -296.65,
        "12:51": -293.88,
        "12:54": -295.87,
        "12:57": -291.55,
        "13:00": -296.58000000000004,
        "13:03": -300.59000000000003,
        "13:06": -317.16999999999996,
        "13:09": -312.42,
        "13:12": -316.38,
        "13:15": -306.6,
        "13:18": -306.53000000000003,
        "13:21": -304.32,
        "13:24": -302.62,
        "13:27": -289.89,
        "13:30": -294.49000000000007,
        "13:45": -288.87,
        "13:48": -289.69,
        "13:51": -291.38,
        "13:54": -291.88,
        "13:57": -286.0,
        "14:00": -294.29,
        "14:03": -309.98,
        "14:06": -286.85,
        "14:09": -294.15,
        "14:12": -303.27,
        "14:15": -297.37,
        "14:18": -296.51000000000005,
        "14:21": -303.79,
        "14:24": -311.29,
        "14:27": -298.41,
        "14:30": -304.56000000000006,
        "14:33": -295.8,
        "14:36": -291.06,
        "14:39": -369.95,
        "14:40": -298.68
    },
    "maxpain": {
        "09:15": 0.0,
        "09:18": 0.0,
        "09:21": 0.0,
        "09:24": 0.0,
        "09:27": 0.0,
        "09:30": 0.0,
        "09:33": 0.0,
        "09:36": 0.0,
        "09:39": 0.0,
        "09:42": 0.0,
        "09:45": 0.0,
        "09:48": 0.0,
        "09:51": 0.0,
        "09:54": 0.0,
        "09:57": 0.0,
        "10:00": 0.0,
        "10:03": 0.0,
        "10:06": 0.0,
        "10:09": 0.0,
        "10:12": 0.0,
        "10:15": 0.0,
        "10:18": 0.0,
        "10:21": 0.0,
        "10:24": 0.0,
        "10:27": 0.0,
        "10:30": 0.0,
        "10:33": 0.0,
        "10:36": 0.0,
        "10:39": 0.0,
        "10:42": 0.0,
        "10:45": 0.0,
        "10:48": 0.0,
        "10:51": 0.0,
        "10:54": 0.0,
        "10:57": 0.0,
        "11:00": 0.0,
        "11:03": 0.0,
        "11:06": 0.0,
        "11:09": 0.0,
        "11:12": 0.0,
        "11:15": 0.0,
        "11:30": 0.0,
        "11:33": 0.0,
        "11:36": 0.0,
        "11:39": 0.0,
        "11:42": 0.0,
        "11:45": 0.0,
        "11:48": 0.0,
        "11:51": 0.0,
        "11:54": 0.0,
        "11:57": 0.0,
        "12:00": 0.0,
        "12:03": 0.0,
        "12:06": 0.0,
        "12:09": 0.0,
        "12:12": 0.0,
        "12:15": 0.0,
        "12:18": 0.0,
        "12:21": 0.0,
        "12:24": 0.0,
        "12:27": 0.0,
        "12:30": 0.0,
        "12:33": 0.0,
        "12:36": 0.0,
        "12:39": 0.0,
        "12:42": 0.0,
        "12:45": 0.0,
        "12:48": 0.0,
        "12:51": 0.0,
        "12:54": 0.0,
        "12:57": 0.0,
        "13:00": 0.0,
        "13:03": 0.0,
        "13:06": 0.0,
        "13:09": 0.0,
        "13:12": 0.0,
        "13:15": 0.0,
        "13:18": 0.0,
        "13:21": 0.0,
        "13:24": 0.0,
        "13:27": 0.0,
        "13:30": 0.0,
        "13:45": 0.0,
        "13:48": 0.0,
        "13:51": 0.0,
        "13:54": 0.0,
        "13:57": 0.0,
        "14:00": 0.0,
        "14:03": 0.0,
        "14:06": 0.0,
        "14:09": 0.0,
        "14:12": 0.0,
        "14:15": 0.0,
        "14:18": 0.0,
        "14:21": 0.0,
        "14:24": 0.0,
        "14:27": 0.0,
        "14:30": 0.0,
        "14:33": 0.0,
        "14:36": 0.0,
        "14:39": 0.0,
        "14:40": 0.0
    },
    "pcr": {
        "09:15": NaN,
        "09:18": 1.4365079365079365,
        "09:21": 1.4125546533416615,
        "09:24": 1.3920849420849422,
        "09:27": 1.3041003751131808,
        "09:30": 1.2254759238521837,
        "09:33": 1.199238862771435,
        "09:36": 1.1856855177043129,
        "09:39": 1.1709772608922062,
        "09:42": 1.1312629132231404,
        "09:45": 1.1135083561601675,
        "09:48": 1.1205579447713898,
        "09:51": 1.1144443229052723,
        "09:54": 1.1041153244826032,
        "09:57": 1.108787558508229,
        "10:00": 1.0812429801572445,
        "10:03": 1.0785019578123027,
        "10:06": 1.0697164046389314,
        "10:09": 1.0907040034376567,
        "10:12": 1.0988217080932312,
        "10:15": 1.0842773292997714,
        "10:18": 1.080717204675769,
        "10:21": 1.0843951756491044,
        "10:24": 1.0739303109778944,
        "10:27": 1.0746898765289303,
        "10:30": 1.0877592983732218,
        "10:33": 1.096951476649753,
        "10:36": 1.0893512203520017,
        "10:39": 1.083063924058785,
        "10:42": 1.073083534716859,
        "10:45": 1.07016150707357,
        "10:48": 1.066683460486541,
        "10:51": 1.0623501199040768,
        "10:54": 1.0570849787752221,
        "10:57": 1.0539926276035188,
        "11:00": 1.0539926276035188,
        "11:03": 1.0446354664119708,
        "11:06": 1.043847832670238,
        "11:09": 1.0389934394924076,
        "11:12": 1.0377515670557638,
        "11:15": 1.0256794476274422,
        "11:30": 1.011890913790875,
        "11:33": 1.007159208018313,
        "11:36": 1.0066536309814784,
        "11:39": 1.0038978686883135,
        "11:42": 0.9786498998134457,
        "11:45": 0.9681663837011885,
        "11:48": 0.9666579882253147,
        "11:51": 0.9650188205771644,
        "11:54": 0.9659277981941234,
        "11:57": 0.9621421899668537,
        "12:00": 0.9543337656088151,
        "12:03": 0.9538077098391613,
        "12:06": 0.9519397564969279,
        "12:09": 0.9504474336111806,
        "12:12": 0.9488121106184402,
        "12:15": 0.9471901695779676,
        "12:18": 0.9445452744204478,
        "12:21": 0.9367308742104031,
        "12:24": 0.9330610093556463,
        "12:27": 0.9306124649557904,
        "12:30": 0.9263962877596813,
        "12:33": 0.926860168720034,
        "12:36": 0.9251895864868325,
        "12:39": 0.9239467185512236,
        "12:42": 0.9224943495498166,
        "12:45": 0.9206490478327068,
        "12:48": 0.9210144609028175,
        "12:51": 0.9203818407053851,
        "12:54": 0.9179462293942116,
        "12:57": 0.9181572206789567,
        "13:00": 0.9170509232949436,