{
    "call_decay": {
        "09:24": -69.50999999999999,
        "09:27": -59.489999999999995,
        "09:30": -61.610000000000014,
        "09:33": -61.36,
        "09:36": -61.8,
        "09:39": -50.489999999999995,
        "09:42": -41.99000000000001,
        "09:45": -38.54,
        "09:48": -46.64000000000001,
        "09:51": -51.30000000000001,
        "09:54": -56.18000000000001,
        "09:57": -48.129999999999995,
        "10:00": -46.260000000000005,
        "10:03": -38.93000000000001,
        "10:42": 3.5899999999999883,
        "10:45": -4.960000000000014,
        "10:48": -13.420000000000005,
        "10:51": -10.03,
        "10:54": -17.200000000000017,
        "10:57": -13.7,
        "11:00": -15.850000000000014,
        "11:03": -12.529999999999994,
        "11:06": -20.960000000000004,
        "11:09": -22.02000000000001,
        "11:12": -32.39999999999999,
        "11:27": -39.95,
        "11:30": -40.21000000000002,
        "11:33": -42.370000000000005,
        "11:36": -36.22000000000001,
        "11:39": -25.249999999999993,
        "11:42": -27.390000000000022,
        "11:45": -27.470000000000006,
        "11:48": -23.700000000000006,
        "11:51": -32.33000000000002,
        "11:54": -30.25000000000001,
        "11:57": -21.02,
        "12:00": -27.81000000000001,
        "12:03": -25.529999999999994,
        "12:06": -32.18000000000002,
        "12:09": -31.810000000000002,
        "12:12": -35.32000000000001,
        "12:15": -35.169999999999995,
        "12:18": -30.80999999999999,
        "12:21": -31.96,
        "12:24": -24.990000000000002,
        "12:27": -25.08000000000001,
        "12:30": -18.49000000000001,
        "12:33": -23.190000000000005,
        "12:36": -22.95000000000001,
        "12:39": -16.200000000000003,
        "12:42": -28.21,
        "12:45": -24.01000000000001,
        "12:48": -13.910000000000005,
        "12:51": -40.879999999999995,
        "12:54": -33.650000000000006,
        "12:57": -39.80000000000002,
        "13:00": -32.45000000000001,
        "13:03": -36.36,
        "13:06": -38.790000000000006,
        "13:09": -27.99000000000001,
        "13:12": -34.95000000000001,
        "13:15": -32.16000000000001,
        "13:18": -35.669999999999995,
        "13:21": -35.220000000000006,
        "13:24": -36.63000000000001,
        "13:27": -35.190000000000005,
        "13:30": -32.710000000000015,
        "13:33": -36.870000000000005,
        "13:36": -40.260000000000005,
        "13:39": -43.529999999999994,
        "13:42": -56.54,
        "13:45": -64.00000000000001,
        "13:48": -62.65999999999999,
        "13:51": -74.78,
        "13:54": -97.34000000000002,
        "13:57": -95.71,
        "14:00": -99.57000000000001,
        "14:03": -113.95,
        "14:06": -103.7,
        "14:09": -102.53000000000002,
        "14:12": -110.24000000000001,
        "14:15": -110.18000000000002,
        "14:18": -104.1,
        "14:21": -101.06,
        "14:24": -103.22000000000003,
        "14:27": -105.05000000000003,
        "14:30": -92.99,
        "14:33": -105.14000000000001,
        "14:36": -114.27000000000002,
        "14:39": -105.86999999999998,
        "14:42": -109.49000000000001,
        "14:45": -112.6,
        "14:48": -107.56000000000002,
        "14:51": -114.19000000000001,
        "14:54": -109.54,
        "14:57": -101.57000000000002,
        "15:00": -105.91000000000001,
        "15:03": -112.46,
        "15:06": -116.87000000000003,
        "15:09": -124.80999999999999,
        "15:12": -121.34,
        "15:15": -120.84,
        "15:18": -122.29,
        "15:21": -116.56000000000003,
        "15:24": -117.88000000000002,
        "15:27": -116.39000000000001,
        "15:30": -118.28000000000002
    },
    "maxpain": {
        "09:24": 0.0,
        "09:27": 0.0,
        "09:30": 0.0,
        "09:33": 0.0,
        "09:36": 0.0,
        "09:39": 0.0,
        "09:42": 0.0,
        "09:45": 0.0,
        "09:48": 0.0,
        "09:51": 0.0,
        "09:54": 0.0,
        "09:57": 0.0,
        "10:00": 0.0,
        "10:03": 0.0,
        "10:42": 0.0,
        "10:45": 0.0,
        "10:48": 0.0,
        "10:51": 0.0,
        "10:54": 0.0,
        "10:57": 0.0,
        "11:00": 0.0,
        "11:03": 0.0,
        "11:06": 0.0,
        "11:09": 0.0,
        "11:12": 0.0,
        "11:27": 0.0,
        "11:30": 0.0,
        "11:33": 0.0,
        "11:36": 0.0,
        "11:39": 0.0,
        "11:42": 0.0,
        "11:45": 0.0,
        "11:48": 0.0,
        "11:51": 0.0,
        "11:54": 0.0,
        "11:57": 0.0,
        "12:00": 0.0,
        "12:03": 0.0,
        "12:06": 0.0,
        "12:09": 0.0,
        "12:12": 0.0,
        "12:15": 0.0,
        "12:18": 0.0,
        "12:21": 0.0,
        "12:24": 0.0,
        "12:27": 0.0,
        "12:30": 0.0,
        "12:33": 0.0,
        "12:36": 0.0,
        "12:39": 0.0,
        "12:42": 0.0,
        "12:45": 0.0,
        "12:48": 0.0,
        "12:51": 0.0,
        "12:54": 0.0,
        "12:57": 0.0,
        "13:00": 0.0,
        "13:03": 0.0,
        "13:06": 0.0,
        "13:09": 0.0,
        "13:12": 0.0,
        "13:15": 0.0,
        "13:18": 0.0,
        "13:21": 0.0,
        "13:24": 0.0,
        "13:27": 0.0,
        "13:30": 0.0,
        "13:33": 0.0,
        "13:36": 0.0,
        "13:39": 0.0,
        "13:42": 0.0,
        "13:45": 0.0,
        "13:48": 0.0,
        "13:51": 0.0,
        "13:54": 0.0,
        "13:57": 0.0,
        "14:00": 0.0,
        "14:03": 0.0,
        "14:06": 0.0,
        "14:09": 0.0,
        "14:12": 0.0,
        "14:15": 0.0,
        "14:18": 0.0,
        "14:21": 0.0,
        "14:24": 0.0,
        "14:27": 0.0,
        "14:30": 0.0,
        "14:33": 0.0,
        "14:36": 0.0,
        "14:39": 0.0,
        "14:42": 0.0,
        "14:45": 0.0,
        "14:48": 0.0,
        "14:51": 0.0,
        "14:54": 0.0,
        "14:57": 0.0,
        "15:00": 0.0,
        "15:03": 0.0,
        "15:06": 0.0,
        "15:09": 0.0,
        "15:12": 0.0,
        "15:15": 0.0,
        "15:18": 0.0,
        "15:21": 0.0,
        "15:24": 0.0,
        "15:27": 0.0,
        "15:30": 0.0
    },
    "pcr": {
        "09:24": 0.9709674928576943,
        "09:27": 0.9895474521914717,
        "09:30": 0.9918075558338552,
        "09:33": 0.9876717314166136,
        "09:36": 0.9876431709019253,
        "09:39": 0.9989065062875888,
        "09:42": 1.0042022643606308,
        "09:45": 0.9825503355704698,
        "09:48": 0.9821142326837088,
        "09:51": 1.0026202760744483,
        "09:54": 0.9911184979354403,
        "09:57": 0.9995707287510732,
        "10:00": 1.0076506532863034,
        "10:03": 1.012559765931635,
        "10:42": 0.9941543375418085,
        "10:45": 0.9934070829311753,
        "10:48": 0.9993167114923311,
        "10:51": 0.9993995797057941,
        "10:54": 1.0044482101249734,
        "10:57": 1.0089232434532813,
        "11:00": 1.0113990205895667,
        "11:03": 1.0078316599596222,
        "11:06": 1.0051163470610904,
        "11:09": 1.0115159349936682,
        "11:12": 1.0142203376683818,
        "11:27": 1.0332382071512507,
        "11:30": 1.028370986920333,
        "11:33": 1.0274409323304718,
        "11:36": 1.0265681182580904,
        "11:39": 1.0146732443279172,
        "11:42": 1.0088209884963397,
        "11:45": 1.008214430391142,
        "11:48": 1.0077768328708263,
        "11:51": 1.0055495743476475,
        "11:54": 1.004986676396767,
        "11:57": 1.0072841133816743,
        "12:00": 1.006141673770026,
        "12:03": 1.0060330839513434,
        "12:06": 1.0036640694880001,
        "12:09": 1.0041765981661621,
        "12:12": 1.0037695552351968,
        "12:15": 1.0041480059714225,
        "12:18": 1.0045087575985827,
        "12:21": 1.0063922108159593,
        "12:24": 1.0053174161140828,
        "12:27": 1.0050435819895989,
        "12:30": 1.0041319752907878,
        "12:33": 1.0024180935133356,
        "12:36": 1.0014049696957266,
        "12:39": 1.0020118874977022,