{
    "call_decay": {
        "09:18": 32.77,
        "09:21": 30.890000000000008,
        "09:24": 30.600000000000005,
        "09:30": 19.420000000000005,
        "09:33": 35.88000000000001,
        "09:36": 34.55000000000001,
        "09:39": 33.18000000000002,
        "09:42": 26.269999999999992,
        "09:45": 23.76000000000001,
        "09:48": 16.37000000000001,
        "09:51": 4.019999999999992,
        "09:54": 0.17000000000000917,
        "09:57": 13.350000000000009,
        "10:00": 21.19000000000001,
        "10:03": 30.58000000000002,
        "10:06": 21.76000000000001,
        "10:09": 26.32000000000001,
        "10:21": 15.750000000000018,
        "10:24": 15.580000000000007,
        "10:27": 12.44000000000002,
        "10:30": 13.859999999999996,
        "10:33": 15.370000000000008,
        "10:36": 13.719999999999995,
        "10:39": 17.130000000000017,
        "10:42": 15.760000000000005,
        "10:45": 10.310000000000013,
        "10:48": 14.009999999999996,
        "10:51": 4.650000000000018,
        "10:54": 13.560000000000006,
        "11:21": 14.710000000000019,
        "11:24": 17.350000000000023,
        "11:27": 14.850000000000023,
        "11:30": 10.659999999999998,
        "11:33": 11.66,
        "11:36": 11.690000000000017,
        "11:39": -0.8799999999999955,
        "11:42": -0.9799999999999784,
        "11:45": -2.810000000000003,
        "11:48": -14.269999999999992,
        "11:51": -16.269999999999992,
        "11:54": -6.3799999999999795,
        "11:57": -8.559999999999999,
        "12:00": -6.1399999999999935,
        "12:03": -10.510000000000003,
        "12:06": -11.409999999999986,
        "12:09": -14.079999999999995,
        "12:12": -17.819999999999986,
        "12:15": -36.459999999999994,
        "12:18": -31.53999999999998,
        "12:21": -25.94999999999999,
        "12:24": -26.689999999999987,
        "12:30": -30.79,
        "12:33": -18.530000000000012,
        "12:36": -23.38999999999999,
        "12:39": -27.149999999999988,
        "12:42": -19.969999999999985,
        "12:45": -19.949999999999992,
        "12:48": -18.68999999999999,
        "12:51": -25.8,
        "12:54": -26.609999999999992,
        "12:57": -24.76999999999999,
        "13:00": -26.40999999999999,
        "13:03": -24.609999999999978,
        "13:06": -23.029999999999987,
        "13:09": -20.549999999999983,
        "13:12": -36.05999999999999,
        "13:15": -27.079999999999984,
        "13:18": -6.9499999999999975,
        "13:21": 3.880000000000006,
        "13:24": 1.6599999999999895,
        "13:27": 1.9500000000000128,
        "14:21": -23.77999999999999,
        "14:24": -17.950000000000006,
        "14:27": -16.879999999999995,
        "14:30": -23.519999999999996,
        "14:33": -39.15999999999999,
        "14:36": -61.50999999999999,
        "14:39": -59.529999999999994,
        "14:42": -50.669999999999995,
        "14:45": -47.64,
        "14:48": -50.0,
        "14:51": -54.709999999999994,
        "14:54": -55.93999999999998,
        "14:57": -50.79,
        "15:00": -56.00999999999998,
        "15:03": -68.58999999999999,
        "15:06": -65.44,
        "15:09": -62.65,
        "15:12": -64.21999999999998,
        "15:15": -61.08999999999999,
        "15:18": -63.00999999999999,
        "15:21": -58.2,
        "15:24": -65.03,
        "15:27": -63.1,
        "15:30": -58.98999999999999
    },
    "maxpain": {
        "09:18": 0.0,
        "09:21": 0.0,
        "09:24": 0.0,
        "09:30": 0.0,
        "09:33": 0.0,
        "09:36": 0.0,
        "09:39": 0.0,
        "09:42": 0.0,
        "09:45": 0.0,
        "09:48": 0.0,
        "09:51": 0.0,
        "09:54": 0.0,
        "09:57": 0.0,
        "10:00": 0.0,
        "10:03": 0.0,
        "10:06": 0.0,
        "10:09": 0.0,
        "10:21": 0.0,
        "10:24": 0.0,
        "10:27": 0.0,
        "10:30": 0.0,
        "10:33": 0.0,
        "10:36": 0.0,
        "10:39": 0.0,
        "10:42": 0.0,
        "10:45": 0.0,
        "10:48": 0.0,
        "10:51": 0.0,
        "10:54": 0.0,
        "11:21": 0.0,
        "11:24": 0.0,
        "11:27": 0.0,
        "11:30": 0.0,
        "11:33": 0.0,
        "11:36": 0.0,
        "11:39": 0.0,
        "11:42": 0.0,
        "11:45": 0.0,
        "11:48": 0.0,
        "11:51": 0.0,
        "11:54": 0.0,
        "11:57": 0.0,
        "12:00": 0.0,
        "12:03": 0.0,
        "12:06": 0.0,
        "12:09": 0.0,
        "12:12": 0.0,
        "12:15": 0.0,
        "12:18": 0.0,
        "12:21": 0.0,
        "12:24": 0.0,
        "12:30": 0.0,
        "12:33": 0.0,
        "12:36": 0.0,
        "12:39": 0.0,
        "12:42": 0.0,
        "12:45": 0.0,
        "12:48": 0.0,
        "12:51": 0.0,
        "12:54": 0.0,
        "12:57": 0.0,
        "13:00": 0.0,
        "13:03": 0.0,
        "13:06": 0.0,
        "13:09": 0.0,
        "13:12": 0.0,
        "13:15": 0.0,
        "13:18": 0.0,
        "13:21": 0.0,
        "13:24": 0.0,
        "13:27": 0.0,
        "14:21": 0.0,
        "14:24": 0.0,
        "14:27": 0.0,
        "14:30": 0.0,
        "14:33": 0.0,
        "14:36": 0.0,
        "14:39": 0.0,
        "14:42": 0.0,
        "14:45": 0.0,
        "14:48": 0.0,
        "14:51": 0.0,
        "14:54": 0.0,
        "14:57": 0.0,
        "15:00": 0.0,
        "15:03": 0.0,
        "15:06": 0.0,
        "15:09": 0.0,
        "15:12": 0.0,
        "15:15": 0.0,
        "15:18": 0.0,
        "15:21": 0.0,
        "15:24": 0.0,
        "15:27": 0.0,
        "15:30": 0.0
    },
    "pcr": {
        "09:18": 1.078510873571692,
        "09:21": 1.0272215973003374,
        "09:24": 1.0304860915987637,
        "09:30": 0.9383993228627857,
        "09:33": 0.9219159640048182,
        "09:36": 0.9377723660599846,
        "09:39": 0.9220023282887078,
        "09:42": 0.9058849339110404,
        "09:45": 0.9014919474360241,
        "09:48": 0.9139828597203428,
        "09:51": 0.8789312552184804,
        "09:54": 0.8983195143618596,
        "09:57": 0.9255059870721628,
        "10:00": 0.9333470903838217,
        "10:03": 0.9466175485599464,
        "10:06": 0.9509019658645593,
        "10:09": 0.9634639254002101,
        "10:21": 0.9826533321532879,
        "10:24": 0.9876758516451576,
        "10:27": 0.9899847906562975,
        "10:30": 0.9897863381604028,
        "10:33": 0.9960633242414869,
        "10:36": 0.9977374301675977,
        "10:39": 1.0022348526652687,
        "10:42": 1.0046411995715816,
        "10:45": 1.0075690474273291,
        "10:48": 1.0080438853284805,
        "10:51": 1.0149513755265485,
        "10:54": 1.0186094332348028,
        "11:21": 1.0209443665264142,
        "11:24": 1.0233485589742402,
        "11:27": 1.0248847926267282,
        "11:30": 1.0304057148090484,
        "11:33": 1.0281343334625292,
        "11:36": 1.0325254957185364,
        "11:39": 1.0222148833113165,
        "11:42": 1.0138591598019502,
        "11:45": 1.0166332579860964,
        "11:48": 1.0175207699267912,
        "11:51": 1.0257729869919359,
        "11:54": 1.0303489229420322,
        "11:57": 1.030109219718587,
        "12:00": 1.0348580040318636,
        "12:03": 1.0311172062118519,
        "12:06": 1.0304168732598498,
        "12:09": 1.0142156316200246,
        "12:12": 0.9952335212135491,
        "12:15": 0.9928207065936142,
        "12:18": 0.9907894956789195,
        "12:21": 0.9810275133654974,
        "12:24": 0.9798711885199594,
        "12:30": 0.9800843560714172,
        "12:33": 0.9804222769095725,
        "12:36": 0.9814121756487026,
        "12:39": 0.9849749325106055,
        "12:42": 0.9812849375909335,
        "12:45": 0.9809661688509601,
        "12:48": 0.9791754948846783,
        "12:51": 0.977805865270317,
        "12:54": 0.9770882626014555,
        "12:57": 0.9769468359718886,
        "13:00": 0.9761456464692888,
        "13:03": 0.9739452998498542,
        "13:06": 0.9745884562340444,
        "13:09": 0.974106907750373,
        "13:12": 0.9728037988344486,