{
    "call_decay": {
        "10:00": -200.48999999999995,
        "10:03": -125.95,
        "10:06": -124.78999999999999,
        "10:09": -122.08999999999999,
        "10:12": -199.51,
        "10:15": -202.53999999999996,
        "10:18": -208.87999999999997,
        "10:21": -207.86999999999998,
        "10:24": -211.17,
        "10:27": -211.8,
        "10:30": -212.63999999999996,
        "10:33": -209.10999999999996,
        "10:36": -211.32,
        "10:39": -213.55999999999995,
        "10:42": -215.10999999999996,
        "10:45": -212.4,
        "10:48": -207.08999999999997,
        "10:51": -205.2,
        "10:54": -204.26,
        "10:57": -207.58999999999997,
        "11:00": -202.06999999999996,
        "11:03": -209.43999999999997,
        "11:06": -211.82,
        "11:09": -212.68999999999997,
        "11:12": -209.20999999999998,
        "11:15": -214.72999999999996,
        "11:18": -215.15,
        "11:21": -211.05,
        "11:24": -211.48999999999995,
        "11:27": -213.32,
        "11:30": -216.43999999999997,
        "11:33": -215.2,
        "11:36": -219.83999999999997,
        "11:39": -214.33999999999997,
        "11:42": -216.27999999999997,
        "11:45": -219.07999999999998,
        "11:48": -215.1,
        "11:51": -216.21999999999997,
        "11:54": -219.54000000000002,
        "11:57": -225.81,
        "12:00": -221.95999999999995,
        "12:03": -223.48999999999995,
        "12:06": -225.58999999999997,
        "12:09": -224.72999999999996,
        "12:12": -231.18999999999997,
        "12:15": -222.48999999999995,
        "12:18": -135.64000000000001,
        "12:21": -138.56,
        "12:24": -136.19999999999996,
        "12:27": -136.17999999999998,
        "12:30": -137.30999999999997,
        "12:33": -138.08999999999997,
        "12:36": -136.45999999999995,
        "12:39": -136.98999999999998,
        "12:42": -136.35999999999999,
        "12:45": -136.39000000000001,
        "12:48": -137.34999999999997,
        "12:51": -136.37,
        "12:54": -137.82999999999998,
        "12:57": -137.70999999999998,
        "13:00": -137.67999999999998,
        "13:03": -136.71999999999997,
        "13:06": -136.76999999999998,
        "13:09": -135.67000000000002,
        "13:12": -139.18999999999997,
        "13:15": -136.33999999999997,
        "13:18": -137.89,
        "13:21": -135.35999999999999,
        "13:24": -137.14,
        "13:27": -137.3,
        "13:30": -139.03,
        "13:33": -137.29999999999998,
        "13:36": -135.83999999999997,
        "13:39": -227.6,
        "13:42": -224.60999999999999,
        "13:45": -229.57,
        "13:48": -227.26999999999998,
        "13:51": -229.66,
        "13:54": -229.51999999999998,
        "13:57": -228.37999999999997,
        "14:00": -225.87999999999997,
        "14:03": -225.13000000000002,
        "14:06": -226.03999999999996,
        "14:09": -227.52999999999997,
        "14:12": -226.85,
        "14:15": -229.88000000000002,
        "14:18": -226.07,
        "14:21": -230.10999999999999,
        "14:24": -228.96999999999997,
        "14:27": -230.01999999999998,
        "14:30": -228.7,
        "14:33": -239.85999999999999,
        "14:36": -240.43999999999997,
        "14:39": -241.64000000000001,
        "14:42": -238.83999999999997,
        "14:45": -239.15,
        "14:48": -238.5,
        "14:51": -240.56,
        "14:54": -240.66,
        "14:57": -241.72999999999996,
        "15:00": -242.38000000000002,
        "15:03": -240.8,
        "15:06": -239.51999999999992,
        "15:09": -239.33999999999997,
        "15:12": -237.40999999999994,
        "15:15": -236.00999999999993,
        "15:18": -236.26999999999998,
        "15:21": -230.65,
        "15:24": -231.8,
        "15:27": -227.65999999999994,
        "15:30": -228.12999999999997
    },
    "maxpain": {
        "10:00": 0.0,
        "10:03": 0.0,
        "10:06": 0.0,
        "10:09": 0.0,
        "10:12": 0.0,
        "10:15": 0.0,
        "10:18": 0.0,
        "10:21": 0.0,
        "10:24": 0.0,
        "10:27": 0.0,
        "10:30": 0.0,
        "10:33": 0.0,
        "10:36": 0.0,
        "10:39": 0.0,
        "10:42": 0.0,
        "10:45": 0.0,
        "10:48": 0.0,
        "10:51": 0.0,
        "10:54": 0.0,
        "10:57": 0.0,
        "11:00": 0.0,
        "11:03": 0.0,
        "11:06": 0.0,
        "11:09": 0.0,
        "11:12": 0.0,
        "11:15": 0.0,
        "11:18": 0.0,
        "11:21": 0.0,
        "11:24": 0.0,
        "11:27": 0.0,
        "11:30": 0.0,
        "11:33": 0.0,
        "11:36": 0.0,
        "11:39": 0.0,
        "11:42": 0.0,
        "11:45": 0.0,
        "11:48": 0.0,
        "11:51": 0.0,
        "11:54": 0.0,
        "11:57": 0.0,
        "12:00": 0.0,
        "12:03": 0.0,
        "12:06": 0.0,
        "12:09": 0.0,
        "12:12": 0.0,
        "12:15": 0.0,
        "12:18": 0.0,
        "12:21": 0.0,
        "12:24": 0.0,
        "12:27": 0.0,
        "12:30": 0.0,
        "12:33": 0.0,
        "12:36": 0.0,
        "12:39": 0.0,
        "12:42": 0.0,
        "12:45": 0.0,
        "12:48": 0.0,
        "12:51": 0.0,
        "12:54": 0.0,
        "12:57": 0.0,
        "13:00": 0.0,
        "13:03": 0.0,
        "13:06": 0.0,
        "13:09": 0.0,
        "13:12": 0.0,
        "13:15": 0.0,
        "13:18": 0.0,
        "13:21": 0.0,
        "13:24": 0.0,
        "13:27": 0.0,
        "13:30": 0.0,
        "13:33": 0.0,
        "13:36": 0.0,
        "13:39": 0.0,
        "13:42": 0.0,
        "13:45": 0.0,
        "13:48": 0.0,
        "13:51": 0.0,
        "13:54": 0.0,
        "13:57": 0.0,
        "14:00": 0.0,
        "14:03": 0.0,
        "14:06": 0.0,
        "14:09": 0.0,
        "14:12": 0.0,
        "14:15": 0.0,
        "14:18": 0.0,
        "14:21": 0.0,
        "14:24": 0.0,
        "14:27": 0.0,
        "14:30": 0.0,
        "14:33": 0.0,
        "14:36": 0.0,
        "14:39": 0.0,
        "14:42": 0.0,
        "14:45": 0.0,
        "14:48": 0.0,
        "14:51": 0.0,
        "14:54": 0.0,
        "14:57": 0.0,
        "15:00": 0.0,
        "15:03": 0.0,
        "15:06": 0.0,
        "15:09": 0.0,
        "15:12": 0.0,
        "15:15": 0.0,
        "15:18": 0.0,
        "15:21": 0.0,
        "15:24": 0.0,
        "15:27": 0.0,
        "15:30": 0.0
    },
    "pcr": {
        "10:00": 0.8496206654680609,
        "10:03": 0.8465154460337497,
        "10:06": 0.8395615573216739,
        "10:09": 0.8384885995387266,
        "10:12": 0.8410122314906859,
        "10:15": 0.8383156700811683,
        "10:18": 0.8390201709165138,
        "10:21": 0.8403539484121557,
        "10:24": 0.8404306507879226,
        "10:27": 0.8429016554350046,
        "10:30": 0.8437579265714936,
        "10:33": 0.841013131526548,
        "10:36": 0.8369436014162873,
        "10:39": 0.8373799759951991,
        "10:42": 0.8407982342755408,
        "10:45": 0.8405386507209336,
        "10:48": 0.8436017260210202,
        "10:51": 0.8441228379809389,
        "10:54": 0.8466950748191457,
        "10:57": 0.8450930304808588,
        "11:00": 0.8441175798826028,
        "11:03": 0.8484051206677962,
        "11:06": 0.8438721952136808,
        "11:09": 0.8452616628188184,
        "11:12": 0.8455830694235779,
        "11:15": 0.8410845063661142,
        "11:18": 0.8432611438183347,
        "11:21": 0.8408939570501082,
        "11:24": 0.8363113428006471,
        "11:27": 0.8337546702404158,
        "11:30": 0.8326664095796628,
        "11:33": 0.8372710050485513,
        "11:36": 0.8365549302666992,
        "11:39": 0.8377979216905391,
        "11:42": 0.8393327353915959,
        "11:45": 0.8425155603388749,
        "11:48": 0.8503780713922088,
        "11:51": 0.8491220925389436,
        "11:54": 0.8501877112036837,
        "11:57": 0.8500207746224439,
        "12:00": 0.8507941917719759,
        "12:03": 0.8483623489065297,
        "12:06": 0.849050009392871,
        "12:09": 0.8528898643705329,
        "12:12": 0.8529750986308716,