{
    "call_decay": {
        "09:39": 36.8,
        "09:42": 31.75000000000001,
        "09:45": 26.440000000000005,
        "09:48": 7.139999999999998,
        "09:51": 17.30999999999998,
        "09:54": 15.390000000000004,
        "09:57": 11.029999999999996,
        "10:00": 10.449999999999994,
        "10:03": 15.999999999999995,
        "10:06": 7.97000000000001,
        "10:09": 10.599999999999994,
        "10:12": 11.099999999999996,
        "10:15": 6.650000000000006,
        "10:18": -11.019999999999984,
        "10:21": -16.040000000000003,
        "10:24": -17.470000000000006,
        "10:27": -15.660000000000002,
        "10:30": -6.010000000000007,
        "10:33": -9.93000000000001,
        "10:36": -1.3699999999999988,
        "10:39": 5.179999999999999,
        "10:42": 20.110000000000007,
        "10:45": 20.819999999999993,
        "11:06": 22.269999999999992,
        "11:09": 13.629999999999985,
        "11:12": 30.830000000000013,
        "11:15": 31.939999999999987,
        "11:18": 37.07999999999999,
        "11:21": 40.76,
        "11:24": 29.919999999999987,
        "12:06": 5.550000000000014,
        "12:09": 5.11999999999999,
        "12:12": 8.140000000000006,
        "12:15": 8.870000000000001,
        "12:18": 13.909999999999988,
        "12:21": 3.8499999999999917,
        "12:24": 1.1199999999999957,
        "12:33": -2.160000000000011,
        "12:36": -13.419999999999991,
        "12:39": -30.210000000000015,
        "12:42": -31.439999999999998,
        "12:45": -42.249999999999986,
        "12:48": -56.92999999999999,
        "12:51": -39.89,
        "12:54": -33.59000000000001,
        "12:57": -37.13999999999999,
        "13:00": -36.53000000000001,
        "13:03": -42.06000000000001,
        "13:06": -38.05,
        "13:09": -15.739999999999998,
        "13:12": -12.360000000000007,
        "13:15": -18.419999999999998,
        "13:18": -36.599999999999994,
        "13:21": -35.6,
        "13:24": -34.61,
        "13:27": -35.67999999999999,
        "13:30": -37.71,
        "13:33": -30.560000000000013,
        "13:36": -36.91999999999999,
        "13:39": -31.09000000000001,
        "13:42": -39.160000000000004,
        "13:45": -40.79,
        "13:48": -46.69,
        "13:51": -32.509999999999984,
        "13:54": -38.459999999999994,
        "13:57": -45.64000000000001,
        "14:00": -36.85,
        "14:57": -45.540000000000006,
        "15:00": -50.620000000000005,
        "15:03": -56.839999999999996,
        "15:06": -45.900000000000006,
        "15:09": -42.95,
        "15:12": -43.00999999999999,
        "15:15": -42.88000000000001,
        "15:18": -40.75,
        "15:21": -42.010000000000005,
        "15:24": -39.67,
        "15:27": -34.209999999999994,
        "15:30": -33.57000000000001
    },
    "maxpain": {
        "09:39": 0.0,
        "09:42": 0.0,
        "09:45": 0.0,
        "09:48": 0.0,
        "09:51": 0.0,
        "09:54": 0.0,
        "09:57": 0.0,
        "10:00": 0.0,
        "10:03": 0.0,
        "10:06": 0.0,
        "10:09": 0.0,
        "10:12": 0.0,
        "10:15": 0.0,
        "10:18": 0.0,
        "10:21": 0.0,
        "10:24": 0.0,
        "10:27": 0.0,
        "10:30": 0.0,
        "10:33": 0.0,
        "10:36": 0.0,
        "10:39": 0.0,
        "10:42": 0.0,
        "10:45": 0.0,
        "11:06": 0.0,
        "11:09": 0.0,
        "11:12": 0.0,
        "11:15": 0.0,
        "11:18": 0.0,
        "11:21": 0.0,
        "11:24": 0.0,
        "12:06": 0.0,
        "12:09": 0.0,
        "12:12": 0.0,
        "12:15": 0.0,
        "12:18": 0.0,
        "12:21": 0.0,
        "12:24": 0.0,
        "12:33": 0.0,
        "12:36": 0.0,
        "12:39": 0.0,
        "12:42": 0.0,
        "12:45": 0.0,
        "12:48": 0.0,
        "12:51": 0.0,
        "12:54": 0.0,
        "12:57": 0.0,
        "13:00": 0.0,
        "13:03": 0.0,
        "13:06": 0.0,
        "13:09": 0.0,
        "13:12": 0.0,
        "13:15": 0.0,
        "13:18": 0.0,
        "13:21": 0.0,
        "13:24": 0.0,
        "13:27": 0.0,
        "13:30": 0.0,
        "13:33": 0.0,
        "13:36": 0.0,
        "13:39": 0.0,
        "13:42": 0.0,
        "13:45": 0.0,
        "13:48": 0.0,
        "13:51": 0.0,
        "13:54": 0.0,
        "13:57": 0.0,
        "14:00": 0.0,
        "14:57": 0.0,
        "15:00": 0.0,
        "15:03": 0.0,
        "15:06": 0.0,
        "15:09": 0.0,
        "15:12": 0.0,
        "15:15": 0.0,
        "15:18": 0.0,
        "15:21": 0.0,
        "15:24": 0.0,
        "15:27": 0.0,
        "15:30": 0.0
    },
    "pcr": {
        "09:39": 0.8960732984293194,
        "09:42": 0.8773024629947846,
        "09:45": 0.876353485224453,
        "09:48": 0.8779532767150832,
        "09:51": 0.8799102704631777,
        "09:54": 0.8786895880635744,
        "09:57": 0.8792615384615384,
        "10:00": 0.8828514336615547,
        "10:03": 0.8805920819660521,
        "10:06": 0.8798140770252324,
        "10:09": 0.8897095473288323,
        "10:12": 0.8915227629513344,
        "10:15": 0.8934949120367305,
        "10:18": 0.8987306547937581,
        "10:21": 0.9050286206684311,
        "10:24": 0.90834,
        "10:27": 0.9056333888507887,
        "10:30": 0.9009918051619821,
        "10:33": 0.9013500665525765,
        "10:36": 0.9056310315750024,
        "10:39": 0.9080158172881482,
        "10:42": 0.9043988799566435,
        "10:45": 0.9027185501066098,
        "11:06": 0.8921810834246822,
        "11:09": 0.8918726312720676,
        "11:12": 0.8865373124941036,
        "11:15": 0.8846860881757284,
        "11:18": 0.8778927996319301,
        "11:21": 0.874687584690897,
        "11:24": 0.8779515806441983,
        "12:06": 0.912885291472488,
        "12:09": 0.9123840017365822,
        "12:12": 0.9124814063556457,
        "12:15": 0.9148801422931292,
        "12:18": 0.9144816134129684,
        "12:21": 0.9146731738539083,
        "12:24": 0.9151759724794919,
        "12:33": 0.9175102193451882,
        "12:36": 0.9149449035812672,
        "12:39": 0.9172436693682282,
        "12:42": 0.9180623613447427,
        "12:45": 0.918552849033556,
        "12:48": 0.9186189025457856,
        "12:51": 0.9276054998074614,
        "12:54": 0.9266186888816536,
        "12:57": 0.925654041390082,
        "13:00": 0.9243818286371478,
        "13:03": 0.9257370675888501,
        "13:06": 0.9254003228762162,
        "13:09": 0.9223586485210149,
        "13:12": 0.9248597141344627,
        "13:15": 0.9262949257256118,
        "13:18": 0.928142836235914,
        "13:21": 0.9292694857571059,
        "13:24": 0.930438745494469,
        "13:27": 0.9302146055272502,
        "13:30": 0.9267971856836953,
        "13:33": 0.9249161200616631,
        "13:36": 0.923507556107478,
        "13:39": 0.9220830927876097,
        "13:42": 0.9210750853242321,
        "13:45": 0.920246242059479,
        "13:48": 0.9142458073464795,
        "13:51": 0.9151731229398706,
        "13:54": 0.9152657448314112,
        "13:57": 0.9144487416411058,
        "14:00": 0.9124630062121197,
        "14:57": 0.898475137022081,
        "15:00": 0.8965990870584365,
        "15:03": 0.8945012474927841,
        "15:06": 0.8937404654484079,
        "15:09": 0.8905368421897447,
        "15:12": 0.8842832880973922,
        "15:15": 0.8805523155007724,
        "15:18": 0.879591964453345,
        "15:21": 0.875087979828449,
        "15:24": 0.8731054065461801,
        "15:27": 0.8710658515918169,
        "15:30": 0.8711795302264926
    },
    "put_decay": {
        "09:39": -103.83,
        "09:42": -94.23000000000002,
        "09:45": -85.20000000000003,
        "09:48": -48.76000000000001,
        "09:51": -69.31,
        "09:54": -61.679999999999986,
        "09:57": -55.69999999999999,
        "10:00": -53.8,
        "10:03": -63.65,
        "10:06": -57.26000000000001,
        "10:09": -60.2,
        "10:12": -58.65000000000002,
        "10:15": -58.94000000000002,
        "10:18": -16.090000000000003,
        "10:21": -7.480000000000018,