{
    "call_decay": {
        "09:18": 52.959999999999994,
        "09:21": 54.90000000000001,
        "09:24": 62.61999999999997,
        "09:27": 66.21000000000001,
        "09:30": 59.039999999999985,
        "09:33": 46.959999999999994,
        "09:36": 57.49999999999998,
        "09:39": 54.360000000000014,
        "09:42": 52.45,
        "09:45": 56.029999999999994,
        "09:48": 60.84999999999999,
        "09:51": 62.90999999999999,
        "09:54": 70.43999999999998,
        "09:57": 67.22000000000003,
        "10:00": 79.97,
        "10:03": 80.83000000000001,
        "10:06": 66.28999999999999,
        "10:09": 72.4,
        "10:12": 82.36999999999998,
        "10:15": 88.99000000000001,
        "10:18": 94.00999999999999,
        "10:21": 108.82999999999997,
        "10:24": 110.92999999999998,
        "10:27": 108.85,
        "10:30": 99.44,
        "10:33": 108.08999999999999,
        "10:36": 85.65,
        "10:39": 87.44999999999997,
        "10:42": 85.02,
        "10:45": 73.4,
        "10:48": 73.80000000000001,
        "10:51": 88.45000000000002,
        "10:54": 92.74000000000001,
        "10:57": 91.10999999999997,
        "11:00": 80.54999999999998,
        "11:03": 79.12,
        "11:06": 92.26,
        "11:09": 87.20999999999998,
        "11:12": 85.05999999999999,
        "11:15": 84.76,
        "11:18": 91.24,
        "11:21": 95.57999999999998,
        "11:24": 102.05,
        "11:27": 95.79999999999998,
        "11:30": 90.85,
        "11:33": 87.80999999999999,
        "11:36": 93.52,
        "11:39": 84.28,
        "11:42": 99.47999999999999,
        "11:45": 88.38,
        "11:48": 92.65999999999997,
        "11:51": 91.75999999999999,
        "11:54": 94.10999999999999,
        "11:57": 85.69999999999997,
        "12:00": 85.85999999999999,
        "12:03": 89.79999999999998,
        "12:06": 78.51999999999998,
        "12:09": 54.389999999999986,
        "12:12": 51.68999999999998,
        "12:15": 55.40999999999999,
        "12:18": 46.639999999999986,
        "12:21": 42.31,
        "12:24": 47.6,
        "12:27": 57.60999999999999,
        "12:30": 50.22999999999999,
        "12:33": 53.05,
        "12:36": 60.92999999999999,
        "12:39": 56.59000000000001,
        "12:42": 44.760000000000005,
        "12:45": 55.510000000000005,
        "12:48": 51.4,
        "12:51": 59.30999999999999,
        "12:54": 46.96999999999999,
        "12:57": 50.69,
        "13:00": 50.40999999999998,
        "13:03": 24.339999999999996,
        "13:06": 26.590000000000003,
        "13:09": 16.27,
        "13:12": 9.600000000000005,
        "13:15": 24.00000000000002,
        "13:18": 26.25000000000001,
        "13:21": 26.889999999999997,
        "13:24": 28.21999999999998,
        "13:27": 44.62999999999999,
        "13:30": 40.11999999999999,
        "13:33": 37.00999999999998,
        "13:36": 46.29,
        "13:39": 46.38999999999998,
        "13:42": 33.670000000000016,
        "13:45": 39.98000000000002,
        "13:48": 38.15999999999999,
        "13:51": 52.30000000000001,
        "13:54": 64.37,
        "13:57": 71.26,
        "14:00": 68.53999999999999,
        "14:03": 68.17999999999999,
        "14:06": 73.56,
        "14:09": 78.16,
        "14:12": 82.35,
        "14:15": 83.91,
        "14:18": 100.02000000000001,
        "14:21": 96.33999999999997,
        "14:24": 84.96000000000001,
        "14:27": 88.80999999999999,
        "14:30": 84.68999999999998,
        "14:33": 83.44999999999997,
        "14:36": 93.83999999999999,
        "15:03": 71.05999999999999,
        "15:06": 68.63000000000002,
        "15:09": 66.69999999999999,
        "15:12": 70.81000000000002,
        "15:15": 78.24999999999997,
        "15:18": 75.83999999999999,
        "15:21": 74.59,
        "15:24": 77.47999999999999,
        "15:27": 73.6
    },
    "maxpain": {
        "09:18": 0.0,
        "09:21": 0.0,
        "09:24": 0.0,
        "09:27": 0.0,
        "09:30": 0.0,
        "09:33": 0.0,
        "09:36": 0.0,
        "09:39": 0.0,
        "09:42": 0.0,
        "09:45": 0.0,
        "09:48": 0.0,
        "09:51": 0.0,
        "09:54": 0.0,
        "09:57": 0.0,
        "10:00": 0.0,
        "10:03": 0.0,
        "10:06": 0.0,
        "10:09": 0.0,
        "10:12": 0.0,
        "10:15": 0.0,
        "10:18": 0.0,
        "10:21": 0.0,
        "10:24": 0.0,
        "10:27": 0.0,
        "10:30": 0.0,
        "10:33": 0.0,
        "10:36": 0.0,
        "10:39": 0.0,
        "10:42": 0.0,
        "10:45": 0.0,
        "10:48": 0.0,
        "10:51": 0.0,
        "10:54": 0.0,
        "10:57": 0.0,
        "11:00": 0.0,
        "11:03": 0.0,
        "11:06": 0.0,
        "11:09": 0.0,
        "11:12": 0.0,
        "11:15": 0.0,
        "11:18": 0.0,
        "11:21": 0.0,
        "11:24": 0.0,
        "11:27": 0.0,
        "11:30": 0.0,
        "11:33": 0.0,
        "11:36": 0.0,
        "11:39": 0.0,
        "11:42": 0.0,
        "11:45": 0.0,
        "11:48": 0.0,
        "11:51": 0.0,
        "11:54": 0.0,
        "11:57": 0.0,
        "12:00": 0.0,
        "12:03": 0.0,
        "12:06": 0.0,
        "12:09": 0.0,
        "12:12": 0.0,
        "12:15": 0.0,
        "12:18": 0.0,
        "12:21": 0.0,
        "12:24": 0.0,
        "12:27": 0.0,
        "12:30": 0.0,
        "12:33": 0.0,
        "12:36": 0.0,
        "12:39": 0.0,
        "12:42": 0.0,
        "12:45": 0.0,
        "12:48": 0.0,
        "12:51": 0.0,
        "12:54": 0.0,
        "12:57": 0.0,
        "13:00": 0.0,
        "13:03": 0.0,
        "13:06": 0.0,
        "13:09": 0.0,
        "13:12": 0.0,
        "13:15": 0.0,
        "13:18": 0.0,
        "13:21": 0.0,
        "13:24": 0.0,
        "13:27": 0.0,
        "13:30": 0.0,
        "13:33": 0.0,
        "13:36": 0.0,
        "13:39": 0.0,
        "13:42": 0.0,
        "13:45": 0.0,
        "13:48": 0.0,
        "13:51": 0.0,
        "13:54": 0.0,
        "13:57": 0.0,
        "14:00": 0.0,
        "14:03": 0.0,
        "14:06": 0.0,
        "14:09": 0.0,
        "14:12": 0.0,
        "14:15": 0.0,
        "14:18": 0.0,
        "14:21": 0.0,
        "14:24": 0.0,
        "14:27": 0.0,
        "14:30": 0.0,
        "14:33": 0.0,
        "14:36": 0.0,
        "15:03": 0.0,
        "15:06": 0.0,
        "15:09": 0.0,
        "15:12": 0.0,
        "15:15": 0.0,
        "15:18": 0.0,
        "15:21": 0.0,
        "15:24": 0.0,
        "15:27": 0.0
    },
    "pcr": {
        "09:18": 0.8069139966273187,
        "09:21": 0.8378378378378378,
        "09:24": 0.7579410096426545,
        "09:27": 0.8085685141108466,
        "09:30": 0.7883116883116883,
        "09:33": 0.7619854311367101,
        "09:36": 0.7878435927216415,
        "09:39": 0.7934407364787112,
        "09:42": 0.8186336273274535,
        "09:45": 0.8592369477911647,
        "09:48": 0.8572966128521684,
        "09:51": 0.8680584802358462,
        "09:54": 0.8661967953306536,
        "09:57": 0.8732748475446668,
        "10:00": 0.8547502165752238,
        "10:03": 0.8480525868622278,
        "10:06": 0.8337613134077037,
        "10:09": 0.8370220513857981,
        "10:12": 0.8346349230419289,
        "10:15": 0.831040551704321,
        "10:18": 0.8180635887607379,
        "10:21": 0.8033017101485458,
        "10:24": 0.784211148548797,
        "10:27": 0.757517912966498,
        "10:30": 0.7313253327058331,
        "10:33": 0.7321180287347443,
        "10:36": 0.7330800583706536,
        "10:39": 0.73415333349668,
        "10:42": 0.7389305177111717,
        "10:45": 0.7454246496997426,
        "10:48": 0.7551934730835436,
        "10:51": 0.7735380184866923,
        "10:54": 0.7930805513577872,
        "10:57": 0.7966660602201401,
        "11:00": 0.7995852399522124,
        "11:03": 0.8053943860749568,
        "11:06": 0.8064033966596625,
        "11:09": 0.8145719489981785,
        "11:12": 0.8159518338864777,
        "11:15": 0.8166624621594349,
        "11:18": 0.8192111562077219,
        "11:21": 0.8221366778426259,