{
    "call_decay": {
        "09:18": 24.04999999999999,
        "09:21": 33.83000000000003,
        "09:24": 21.790000000000013,
        "09:27": 4.8400000000000185,
        "09:30": -0.36999999999999067,
        "09:33": 6.870000000000031,
        "09:36": 14.390000000000033,
        "09:39": 4.060000000000029,
        "09:42": -2.0199999999999885,
        "09:45": -12.249999999999973,
        "09:48": -14.739999999999977,
        "09:51": -17.27,
        "09:54": -9.309999999999995,
        "09:57": -11.389999999999997,
        "10:00": 0.41999999999999993,
        "10:03": 2.920000000000007,
        "10:06": -8.829999999999988,
        "10:09": -0.7499999999999908,
        "10:12": -4.999999999999986,
        "10:15": -3.709999999999958,
        "10:18": -2.0099999999999922,
        "10:21": 3.9000000000000257,
        "10:24": 1.4800000000000093,
        "10:27": -0.2699999999999886,
        "10:30": -1.729999999999985,
        "10:33": -13.899999999999977,
        "10:36": -8.62999999999997,
        "10:39": -13.649999999999977,
        "10:42": -18.68,
        "10:45": -18.069999999999972,
        "10:48": -27.82999999999999,
        "10:51": -30.809999999999995,
        "10:54": -29.479999999999983,
        "10:57": -35.89999999999999,
        "11:00": -36.54999999999999,
        "11:03": -40.04999999999998,
        "11:06": -30.049999999999983,
        "11:09": -32.72999999999998,
        "11:12": -32.839999999999975,
        "11:15": -27.539999999999974,
        "11:18": -29.24,
        "11:21": -32.11999999999998,
        "11:24": -33.10999999999999,
        "11:30": -40.00999999999998,
        "11:33": -30.71999999999999,
        "11:36": -34.10999999999998,
        "11:39": -29.489999999999974,
        "11:42": -32.31999999999998,
        "11:45": -34.139999999999986,
        "11:48": -34.85999999999998,
        "11:51": -38.85,
        "11:54": -29.349999999999977,
        "11:57": -17.599999999999987,
        "12:00": -26.829999999999973,
        "12:03": -28.74999999999999,
        "12:06": -28.089999999999975,
        "12:09": -18.03999999999999,
        "12:12": -22.790000000000006,
        "12:15": -20.490000000000013,
        "12:18": -31.67999999999997,
        "12:21": -31.139999999999993,
        "12:24": -45.41999999999999,
        "12:27": -45.239999999999995,
        "12:30": -40.06999999999997,
        "12:33": -28.970000000000006,
        "12:36": -33.62999999999998,
        "12:39": -33.039999999999985,
        "12:42": -36.179999999999986,
        "12:45": -30.489999999999988,
        "12:48": -47.57999999999999,
        "12:51": -41.03999999999998,
        "12:54": -36.269999999999996,
        "12:57": -22.22999999999999,
        "13:00": -22.159999999999975,
        "13:03": -5.539999999999971,
        "13:06": -7.67999999999998,
        "13:09": 5.6600000000000295,
        "13:12": 5.049999999999995,
        "13:15": -7.379999999999976,
        "13:18": 23.86000000000001,
        "13:21": 27.019999999999992,
        "13:24": 18.080000000000005,
        "13:27": 14.040000000000001,
        "13:30": 9.560000000000006,
        "13:33": 4.139999999999986,
        "13:36": 8.639999999999993,
        "13:39": 9.139999999999988,
        "13:42": 11.829999999999997,
        "13:45": 12.56999999999999,
        "13:48": 7.790000000000002,
        "13:51": 10.63999999999999,
        "13:54": 2.5899999999999985,
        "13:57": 1.259999999999991,
        "14:00": 0.2999999999999957,
        "14:03": 2.7400000000000064,
        "14:06": 6.689999999999995,
        "14:09": 13.729999999999999,
        "14:12": 21.729999999999997,
        "14:15": 35.66000000000001,
        "14:18": 46.229999999999976,
        "14:21": 62.33,
        "14:24": 80.69,
        "14:27": 79.09,
        "14:30": 66.93999999999997,
        "14:33": 67.36999999999998,
        "14:36": 73.4,
        "14:39": 79.32,
        "14:42": 84.26000000000002,
        "14:45": 68.77000000000001,
        "14:48": 57.85,
        "14:51": 68.23999999999998,
        "14:54": 62.289999999999964,
        "14:57": 53.47999999999998,
        "15:00": 57.05999999999999,
        "15:03": 52.98,
        "15:06": 58.78000000000001,
        "15:09": 59.720000000000006,
        "15:12": 70.12,
        "15:15": 86.98000000000002,
        "15:18": 92.03999999999999,
        "15:21": 77.23,
        "15:24": 77.41999999999999,
        "15:27": 71.71,
        "15:30": 77.99000000000004
    },
    "maxpain": {
        "09:18": 0.0,
        "09:21": 0.0,
        "09:24": 0.0,
        "09:27": 0.0,
        "09:30": 0.0,
        "09:33": 0.0,
        "09:36": 0.0,
        "09:39": 0.0,
        "09:42": 0.0,
        "09:45": 0.0,
        "09:48": 0.0,
        "09:51": 0.0,
        "09:54": 0.0,
        "09:57": 0.0,
        "10:00": 0.0,
        "10:03": 0.0,
        "10:06": 0.0,
        "10:09": 0.0,
        "10:12": 0.0,
        "10:15": 0.0,
        "10:18": 0.0,
        "10:21": 0.0,
        "10:24": 0.0,
        "10:27": 0.0,
        "10:30": 0.0,
        "10:33": 0.0,
        "10:36": 0.0,
        "10:39": 0.0,
        "10:42": 0.0,
        "10:45": 0.0,
        "10:48": 0.0,
        "10:51": 0.0,
        "10:54": 0.0,
        "10:57": 0.0,
        "11:00": 0.0,
        "11:03": 0.0,
        "11:06": 0.0,
        "11:09": 0.0,
        "11:12": 0.0,
        "11:15": 0.0,
        "11:18": 0.0,
        "11:21": 0.0,
        "11:24": 0.0,
        "11:30": 0.0,
        "11:33": 0.0,
        "11:36": 0.0,
        "11:39": 0.0,
        "11:42": 0.0,
        "11:45": 0.0,
        "11:48": 0.0,
        "11:51": 0.0,
        "11:54": 0.0,
        "11:57": 0.0,
        "12:00": 0.0,
        "12:03": 0.0,
        "12:06": 0.0,
        "12:09": 0.0,
        "12:12": 0.0,
        "12:15": 0.0,
        "12:18": 0.0,
        "12:21": 0.0,
        "12:24": 0.0,
        "12:27": 0.0,
        "12:30": 0.0,
        "12:33": 0.0,
        "12:36": 0.0,
        "12:39": 0.0,
        "12:42": 0.0,
        "12:45": 0.0,
        "12:48": 0.0,
        "12:51": 0.0,
        "12:54": 0.0,
        "12:57": 0.0,
        "13:00": 0.0,
        "13:03": 0.0,
        "13:06": 0.0,
        "13:09": 0.0,
        "13:12": 0.0,
        "13:15": 0.0,
        "13:18": 0.0,
        "13:21": 0.0,
        "13:24": 0.0,
        "13:27": 0.0,
        "13:30": 0.0,
        "13:33": 0.0,
        "13:36": 0.0,
        "13:39": 0.0,
        "13:42": 0.0,
        "13:45": 0.0,
        "13:48": 0.0,
        "13:51": 0.0,
        "13:54": 0.0,
        "13:57": 0.0,
        "14:00": 0.0,
        "14:03": 0.0,
        "14:06": 0.0,
        "14:09": 0.0,
        "14:12": 0.0,
        "14:15": 0.0,
        "14:18": 0.0,
        "14:21": 0.0,
        "14:24": 0.0,
        "14:27": 0.0,
        "14:30": 0.0,
        "14:33": 0.0,
        "14:36": 0.0,
        "14:39": 0.0,
        "14:42": 0.0,
        "14:45": 0.0,
        "14:48": 0.0,
        "14:51": 0.0,
        "14:54": 0.0,
        "14:57": 0.0,
        "15:00": 0.0,
        "15:03": 0.0,
        "15:06": 0.0,
        "15:09": 0.0,
        "15:12": 0.0,
        "15:15": 0.0,
        "15:18": 0.0,
        "15:21": 0.0,
        "15:24": 0.0,
        "15:27": 0.0,
        "15:30": 0.0
    },
    "pcr": {
        "09:18": 0.7694610778443114,
        "09:21": 0.9125740160222919,
        "09:24": 0.9463105726872246,
        "09:27": 0.9474006116207951,
        "09:30": 0.9139989617580896,
        "09:33": 0.897639994414188,
        "09:36": 0.9000382995021065,
        "09:39": 0.9650793650793651,
        "09:42": 0.9716547224302065,
        "09:45": 0.9498758831392018,
        "09:48": 0.9171787105149286,
        "09:51": 0.9186028968014484,
        "09:54": 0.9194878472222222,
        "09:57": 0.9234837799717912,
        "10:00": 0.9352022372280199,
        "10:03": 0.9365631691648822,
        "10:06": 0.9441760250718203,
        "10:09": 0.954339646706205,
        "10:12": 0.9476202311420405,
        "10:15": 0.9388709097446961,
        "10:18": 0.9386720132091049,