{
    "call_decay": {
        "20:38": 37.45000000000002,
        "20:39": 37.45000000000002
    },
    "maxpain": {
        "20:38": 0.0,
        "20:39": 0.0
    },
    "pcr": {
        "20:38": 0.8710781034973207,
        "20:39": 0.8710781034973207
    },
    "put_decay": {
        "20:38": -211.67,
        "20:39": -211.67
    },
    "underlying": {
        "20:38": 33318.2,
        "20:39": 33318.2
    }
}