{
    "call_decay": {
        "09:09": 80.55,
        "09:12": 80.55,
        "09:15": -3.0300000000000002,
        "09:18": -76.22999999999999,
        "09:21": -82.44000000000001,
        "09:24": -79.47,
        "09:27": -86.78,
        "09:30": -95.12,
        "09:33": -99.74999999999997,
        "09:36": -95.02999999999997,
        "09:39": -96.23999999999998,
        "09:42": -96.81000000000002,
        "09:45": -87.21,
        "09:48": -88.16,
        "09:51": -97.68999999999998,
        "09:54": -97.66000000000001,
        "09:57": -102.03999999999999,
        "10:00": -99.74000000000001,
        "10:03": -105.73999999999998,
        "10:06": -104.63,
        "10:09": -98.83,
        "10:12": -100.15,
        "10:15": -104.96,
        "10:18": -103.36999999999998,
        "10:21": -124.13999999999999,
        "10:24": -130.32999999999998,
        "10:27": -126.63,
        "10:30": -120.32999999999997,
        "10:33": -113.66999999999999,
        "10:36": -113.1,
        "10:39": -131.56,
        "10:42": -133.85999999999999,
        "10:45": -128.43,
        "10:48": -135.26,
        "10:51": -134.43,
        "10:54": -144.31,
        "10:57": -146.01,
        "11:00": -142.53,
        "11:03": -148.36999999999998,
        "11:06": -137.32,
        "11:09": -132.39000000000001,
        "11:12": -144.06,
        "11:15": -140.63,
        "11:18": -136.57,
        "11:21": -135.37000000000003,
        "11:24": -142.11999999999998,
        "11:27": -140.98000000000002,
        "11:30": -138.58999999999997,
        "11:33": -144.19,
        "11:36": -153.49999999999997,
        "11:39": -152.58,
        "11:42": -149.70999999999998,
        "11:45": -138.99999999999997,
        "11:48": -144.78,
        "11:51": -145.76,
        "11:54": -144.65,
        "11:57": -143.35,
        "12:00": -142.57,
        "12:03": -142.96,
        "12:06": -133.38,
        "12:09": -135.61999999999998,
        "12:12": -132.07999999999998,
        "12:15": -124.91,
        "12:18": -123.11999999999998,
        "12:21": -110.67,
        "12:24": -116.03,
        "12:27": -118.10999999999999,
        "12:30": -119.73999999999998,
        "12:33": -127.05,
        "12:36": -119.76999999999998,
        "12:39": -116.33,
        "12:42": -121.39999999999998,
        "12:45": -119.75999999999996,
        "12:48": -128.89,
        "12:51": -123.01000000000002,
        "12:54": -127.96000000000001,
        "12:57": -124.45,
        "13:00": -124.78,
        "13:03": -128.64999999999998,
        "13:06": -101.32000000000001,
        "13:09": -111.46,
        "13:12": -111.96,
        "13:15": -117.00999999999996,
        "13:18": -136.75999999999996,
        "13:21": -142.28,
        "13:24": -142.10999999999999,
        "13:27": -139.16,
        "13:30": -139.51,
        "13:33": -137.67,
        "13:36": -133.32999999999998,
        "13:39": -133.69,
        "13:42": -135.07999999999998,
        "13:45": -136.82999999999998,
        "13:48": -136.32,
        "13:51": -135.45999999999998,
        "13:54": -127.82999999999997,
        "13:57": -121.87,
        "14:00": -181.69999999999996,
        "14:03": -128.86999999999998,
        "14:06": -132.52,
        "14:09": -132.98999999999998,
        "14:12": -127.62999999999997,
        "14:15": -128.88,
        "14:18": -125.88,
        "14:21": -130.29999999999998,
        "14:24": -204.54,
        "14:42": -189.18,
        "14:45": -187.92000000000002,
        "14:48": -178.18,
        "14:51": -185.43,
        "14:54": -181.2,
        "14:57": -184.32999999999998,
        "15:00": -177.03000000000003,
        "15:03": -204.65,
        "15:06": -194.89000000000001,
        "15:12": -188.32999999999998,
        "15:15": -189.50000000000003,
        "15:18": -186.29999999999995,
        "15:21": -186.5,
        "15:24": -181.86999999999998,
        "15:27": -179.07,
        "15:30": -176.72999999999996
    },
    "maxpain": {
        "09:09": 0.0,
        "09:12": 0.0,
        "09:15": 0.0,
        "09:18": 0.0,
        "09:21": 0.0,
        "09:24": 0.0,
        "09:27": 0.0,
        "09:30": 0.0,
        "09:33": 0.0,
        "09:36": 0.0,
        "09:39": 0.0,
        "09:42": 0.0,
        "09:45": 0.0,
        "09:48": 0.0,
        "09:51": 0.0,
        "09:54": 0.0,
        "09:57": 0.0,
        "10:00": 0.0,
        "10:03": 0.0,
        "10:06": 0.0,
        "10:09": 0.0,
        "10:12": 0.0,
        "10:15": 0.0,
        "10:18": 0.0,
        "10:21": 0.0,
        "10:24": 0.0,
        "10:27": 0.0,
        "10:30": 0.0,
        "10:33": 0.0,
        "10:36": 0.0,
        "10:39": 0.0,
        "10:42": 0.0,
        "10:45": 0.0,
        "10:48": 0.0,
        "10:51": 0.0,
        "10:54": 0.0,
        "10:57": 0.0,
        "11:00": 0.0,
        "11:03": 0.0,
        "11:06": 0.0,
        "11:09": 0.0,
        "11:12": 0.0,
        "11:15": 0.0,
        "11:18": 0.0,
        "11:21": 0.0,
        "11:24": 0.0,
        "11:27": 0.0,
        "11:30": 0.0,
        "11:33": 0.0,
        "11:36": 0.0,
        "11:39": 0.0,
        "11:42": 0.0,
        "11:45": 0.0,
        "11:48": 0.0,
        "11:51": 0.0,
        "11:54": 0.0,
        "11:57": 0.0,
        "12:00": 0.0,
        "12:03": 0.0,
        "12:06": 0.0,
        "12:09": 0.0,
        "12:12": 0.0,
        "12:15": 0.0,
        "12:18": 0.0,
        "12:21": 0.0,
        "12:24": 0.0,
        "12:27": 0.0,
        "12:30": 0.0,
        "12:33": 0.0,
        "12:36": 0.0,
        "12:39": 0.0,
        "12:42": 0.0,
        "12:45": 0.0,
        "12:48": 0.0,
        "12:51": 0.0,
        "12:54": 0.0,
        "12:57": 0.0,
        "13:00": 0.0,
        "13:03": 0.0,
        "13:06": 0.0,
        "13:09": 0.0,
        "13:12": 0.0,
        "13:15": 0.0,
        "13:18": 0.0,
        "13:21": 0.0,
        "13:24": 0.0,
        "13:27": 0.0,
        "13:30": 0.0,
        "13:33": 0.0,
        "13:36": 0.0,
        "13:39": 0.0,
        "13:42": 0.0,
        "13:45": 0.0,
        "13:48": 0.0,
        "13:51": 0.0,
        "13:54": 0.0,
        "13:57": 0.0,
        "14:00": 0.0,
        "14:03": 0.0,
        "14:06": 0.0,
        "14:09": 0.0,
        "14:12": 0.0,
        "14:15": 0.0,
        "14:18": 0.0,
        "14:21": 0.0,
        "14:24": 0.0,
        "14:42": 0.0,
        "14:45": 0.0,
        "14:48": 0.0,
        "14:51": 0.0,
        "14:54": 0.0,
        "14:57": 0.0,
        "15:00": 0.0,
        "15:03": 0.0,
        "15:06": 0.0,
        "15:12": 0.0,
        "15:15": 0.0,
        "15:18": 0.0,
        "15:21": 0.0,
        "15:24": 0.0,
        "15:27": 0.0,
        "15:30": 0.0
    },
    "pcr": {
        "09:09": 0.890873361599969,
        "09:12": 0.890873361599969,
        "09:15": NaN,
        "09:18": 1.4458993797381117,
        "09:21": 1.3602202785876256,
        "09:24": 1.1599833783503013,
        "09:27": 1.0726869191288666,
        "09:30": 1.0480911680911682,
        "09:33": 1.0349567949725058,
        "09:36": 1.0195168913005426,
        "09:39": 1.0180428616451307,
        "09:42": 1.004124793760312,
        "09:45": 0.9358281893004116,
        "09:48": 0.9258313613152322,
        "09:51": 0.9261981770067628,
        "09:54": 0.9295509842955099,
        "09:57": 0.8503797218660617,
        "10:00": 0.8472262282472839,
        "10:03": 0.8367166402830803,
        "10:06": 0.8419855316438418,
        "10:09": 0.8360015790166235,
        "10:12": 0.839403399236906,
        "10:15": 0.8470017449036047,
        "10:18": 0.8563528915154074,
        "10:21": 0.8667603325137572,
        "10:24": 0.875894094296521,
        "10:27": 0.8817668429193194,
        "10:30": 0.8952088408713766,
        "10:33": 0.894055788862713,
        "10:36": 0.8912290145678431,
        "10:39": 0.8993200836820083,
        "10:42": 0.8985282245544308,
        "10:45": 0.9055037593984963,
        "10:48": 0.9140827245009492,
        "10:51": 0.9167021427557827,
        "10:54": 0.9286242907655621,
        "10:57": 0.9509364000322433,