{
    "call_decay": {
        "09:24": -75.05,
        "09:27": -58.30000000000001,
        "09:30": -58.169999999999995,
        "09:33": -57.419999999999995,
        "09:36": -41.550000000000004,
        "09:39": -56.69000000000001,
        "09:42": -73.14000000000001,
        "09:45": -54.90999999999999,
        "09:48": -38.36,
        "09:51": -40.980000000000004,
        "09:54": -34.919999999999995,
        "09:57": -21.860000000000007,
        "10:00": -35.65999999999998,
        "10:03": -36.53000000000001,
        "10:06": -53.1,
        "10:09": -46.48999999999999,
        "10:12": -44.80000000000001,
        "10:15": -46.56999999999999,
        "10:18": -38.91,
        "10:21": -38.72000000000001,
        "10:24": -39.370000000000005,
        "10:27": -32.780000000000015,
        "10:30": -32.30999999999999,
        "10:33": -24.82999999999999,
        "10:36": -26.470000000000006,
        "10:39": -30.330000000000005,
        "10:42": -26.819999999999993,
        "10:45": -53.489999999999995,
        "10:48": -50.17999999999999,
        "10:51": -47.97,
        "10:54": -46.61,
        "10:57": -53.59999999999999,
        "11:00": -61.57000000000001,
        "11:03": -45.510000000000005,
        "11:06": -52.500000000000014,
        "11:09": -49.88999999999999,
        "11:12": -44.95999999999998,
        "11:15": -43.59999999999999,
        "11:18": -51.06,
        "11:21": -39.58,
        "11:24": -38.57,
        "11:27": -41.27000000000002,
        "11:30": -37.760000000000005,
        "11:33": -43.379999999999995,
        "11:36": -49.31000000000002,
        "11:39": -45.66,
        "11:42": -48.98000000000001,
        "11:45": -51.90999999999999,
        "11:48": -58.28000000000001,
        "11:51": -64.75,
        "11:54": -55.710000000000015,
        "11:57": -49.30000000000001,
        "12:00": -58.33999999999999,
        "12:03": -70.54,
        "12:06": -83.98,
        "12:09": -75.63999999999999,
        "12:12": -76.28,
        "12:15": -74.92999999999999,
        "12:18": -75.85,
        "12:21": -75.91,
        "12:24": -75.38,
        "12:27": -76.49000000000001,
        "12:30": -83.44,
        "12:33": -78.52,
        "12:36": -71.88999999999999,
        "12:39": -77.21,
        "12:42": -77.23,
        "12:45": -75.44999999999999,
        "12:48": -71.54,
        "12:51": -62.44000000000001,
        "12:54": -55.2,
        "15:02": -65.78999999999999
    },
    "maxpain": {
        "09:24": 0.0,
        "09:27": 0.0,
        "09:30": 0.0,
        "09:33": 0.0,
        "09:36": 0.0,
        "09:39": 0.0,
        "09:42": 0.0,
        "09:45": 0.0,
        "09:48": 0.0,
        "09:51": 0.0,
        "09:54": 0.0,
        "09:57": 0.0,
        "10:00": 0.0,
        "10:03": 0.0,
        "10:06": 0.0,
        "10:09": 0.0,
        "10:12": 0.0,
        "10:15": 0.0,
        "10:18": 0.0,
        "10:21": 0.0,
        "10:24": 0.0,
        "10:27": 0.0,
        "10:30": 0.0,
        "10:33": 0.0,
        "10:36": 0.0,
        "10:39": 0.0,
        "10:42": 0.0,
        "10:45": 0.0,
        "10:48": 0.0,
        "10:51": 0.0,
        "10:54": 0.0,
        "10:57": 0.0,
        "11:00": 0.0,
        "11:03": 0.0,
        "11:06": 0.0,
        "11:09": 0.0,
        "11:12": 0.0,
        "11:15": 0.0,
        "11:18": 0.0,
        "11:21": 0.0,
        "11:24": 0.0,
        "11:27": 0.0,
        "11:30": 0.0,
        "11:33": 0.0,
        "11:36": 0.0,
        "11:39": 0.0,
        "11:42": 0.0,
        "11:45": 0.0,
        "11:48": 0.0,
        "11:51": 0.0,
        "11:54": 0.0,
        "11:57": 0.0,
        "12:00": 0.0,
        "12:03": 0.0,
        "12:06": 0.0,
        "12:09": 0.0,
        "12:12": 0.0,
        "12:15": 0.0,
        "12:18": 0.0,
        "12:21": 0.0,
        "12:24": 0.0,
        "12:27": 0.0,
        "12:30": 0.0,
        "12:33": 0.0,
        "12:36": 0.0,
        "12:39": 0.0,
        "12:42": 0.0,
        "12:45": 0.0,
        "12:48": 0.0,
        "12:51": 0.0,
        "12:54": 0.0,
        "15:02": 0.0
    },
    "pcr": {
        "09:24": 0.843285195651518,
        "09:27": 0.9386973335964407,
        "09:30": 0.94616956058643,
        "09:33": 0.955518279224688,
        "09:36": 0.9454448566453318,
        "09:39": 0.9319456762015699,
        "09:42": 0.914295843084368,
        "09:45": 0.9044956664281354,
        "09:48": 0.9044510472775183,
        "09:51": 0.8977735851690677,
        "09:54": 0.8905832791699767,
        "09:57": 0.8813893702140627,
        "10:00": 0.8695524088720785,
        "10:03": 0.8645796085035701,
        "10:06": 0.881083317543975,
        "10:09": 0.8913130429721255,
        "10:12": 0.8900464916453132,
        "10:15": 0.8897401088887681,
        "10:18": 0.8878078344091426,
        "10:21": 0.8865809660103411,
        "10:24": 0.8864198380520363,
        "10:27": 0.8839663647870326,
        "10:30": 0.8844442255690264,
        "10:33": 0.8808185115181045,
        "10:36": 0.8746969868686653,
        "10:39": 0.8724138888352421,
        "10:42": 0.8711184284957217,
        "10:45": 0.8678592780959848,
        "10:48": 0.8767892354833441,
        "10:51": 0.8773340048889839,
        "10:54": 0.8781480546240005,
        "10:57": 0.8838521399735294,
        "11:00": 0.8852133216232477,
        "11:03": 0.8900162012492755,
        "11:06": 0.8905559483482993,
        "11:09": 0.8910138937759707,
        "11:12": 0.8906882956767571,
        "11:15": 0.889377082974752,
        "11:18": 0.8861217436717387,
        "11:21": 0.885034964765886,
        "11:24": 0.8805201582477099,
        "11:27": 0.8781397064577069,
        "11:30": 0.875721895459064,
        "11:33": 0.8738839173804885,
        "11:36": 0.8732626905252584,
        "11:39": 0.8751073921603723,
        "11:42": 0.8751575649127509,
        "11:45": 0.8749850642413337,
        "11:48": 0.8774492059835707,
        "11:51": 0.8783560795304535,
        "11:54": 0.8790074288374151,
        "11:57": 0.8790040967877994,
        "12:00": 0.8780861697730509,
        "12:03": 0.8803020242852807,
        "12:06": 0.8866554322472304,
        "12:09": 0.8909979875450244,
        "12:12": 0.8928743121680646,
        "12:15": 0.8939636499900652,
        "12:18": 0.8970593548526474,
        "12:21": 0.8990933261829518,
        "12:24": 0.9024384138161566,
        "12:27": 0.9030088123151728,
        "12:30": 0.9051442493846344,
        "12:33": 0.9064664477242401,
        "12:36": 0.907688172425824,
        "12:39": 0.9102168454835008,
        "12:42": 0.9127509403394641,
        "12:45": 0.9132467875160146,
        "12:48": 0.9137237256053603,
        "12:51": 0.9153348046549729,
        "12:54": 0.9130929277429255,
        "15:02": 0.9121029021784927
    },
    "put_decay": {
        "09:24": 7.1000000000000085,
        "09:27": -20.669999999999995,
        "09:30": -24.93999999999999,
        "09:33": -43.69,
        "09:36": -61.45,
        "09:39": -50.95000000000001,
        "09:42": -37.57000000000001,
        "09:45": -54.70000000000001,
        "09:48": -70.42,
        "09:51": -67.42999999999999,
        "09:54": -71.3,
        "09:57": -80.4,
        "10:00": -72.32000000000001,
        "10:03": -72.36,
        "10:06": -54.44999999999999,
        "10:09": -62.34000000000001,
        "10:12": -62.42999999999999,
        "10:15": -59.0,
        "10:18": -64.02000000000001,
        "10:21": -63.06000000000002,
        "10:24": -63.17,
        "10:27": -69.7,
        "10:30": -70.93000000000002,
        "10:33": -74.13000000000002,
        "10:36": -72.45,
        "10:39": -72.41000000000001,
        "10:42": -72.75999999999999,
        "10:45": -57.85,
        "10:48": -53.25,
        "10:51": -57.64,
        "10:54": -58.21,
        "10:57": -50.08,
        "11:00": -45.61,
        "11:03": -63.88000000000002,
        "11:06": -55.629999999999995,
        "11:09": -61.999999999999986,
        "11:12": -67.66,
        "11:15": -68.15,
        "11:18": -64.35,
        "11:21": -75.13000000000001,