{
    "call_decay": {
        "09:15": -1.3599999999999999,
        "09:18": 19.49000000000001,
        "09:21": 32.36,
        "09:24": 16.860000000000003,
        "09:27": 35.13000000000002,
        "09:30": 40.860000000000014,
        "09:33": 13.820000000000004,
        "09:36": -22.459999999999994,
        "09:39": -27.089999999999996,
        "09:42": -36.14,
        "09:45": -17.839999999999986,
        "09:48": -21.60999999999999,
        "09:51": -24.959999999999983,
        "09:54": -41.04,
        "09:57": -36.00999999999998,
        "10:00": -28.779999999999983,
        "10:03": -16.82,
        "10:06": -12.75,
        "10:09": -29.659999999999986,
        "10:12": -37.189999999999976,
        "10:15": -40.459999999999994,
        "10:18": -35.029999999999994,
        "10:21": -44.51999999999998,
        "10:24": -53.31999999999999,
        "10:27": -54.579999999999984,
        "10:30": -59.23999999999999,
        "10:33": -61.69,
        "10:36": -42.48,
        "10:39": -57.44999999999999,
        "10:42": -62.57000000000001,
        "10:45": -55.64,
        "10:48": -57.93999999999998,
        "10:51": -39.29999999999999,
        "10:54": -37.29,
        "10:57": -38.760000000000005,
        "11:00": -61.410000000000004,
        "11:03": -48.8,
        "11:18": -59.80999999999998,
        "11:21": -56.669999999999995,
        "11:24": -54.44,
        "11:27": -83.61999999999999,
        "11:30": -87.55999999999999,
        "11:33": -80.24999999999997,
        "11:36": -82.11999999999998,
        "11:39": -77.91,
        "11:42": -76.56999999999998,
        "11:45": -68.04999999999998,
        "11:48": -55.639999999999986,
        "11:51": -49.35999999999998,
        "11:54": -32.679999999999986,
        "11:57": -25.729999999999997,
        "12:00": -27.169999999999995,
        "12:03": -31.129999999999995,
        "12:06": -30.399999999999984,
        "12:09": -18.550000000000004,
        "12:12": 14.4,
        "12:15": 8.940000000000019,
        "12:18": 4.410000000000016,
        "12:21": -15.719999999999985,
        "12:24": -20.56999999999999,
        "12:27": -12.699999999999998,
        "12:30": -22.10999999999999,
        "12:33": -22.52999999999999,
        "12:39": -9.939999999999989,
        "12:42": -9.749999999999996,
        "12:45": -10.64999999999998,
        "12:48": -2.429999999999994,
        "12:51": -11.03,
        "12:54": -12.21999999999999,
        "12:57": -13.609999999999976,
        "13:00": -6.1899999999999995,
        "13:03": 18.460000000000008,
        "13:06": -27.899999999999995,
        "13:09": -21.96,
        "13:12": -16.699999999999985,
        "13:15": -19.229999999999997,
        "13:18": -13.379999999999992,
        "13:21": -21.629999999999985,
        "13:24": -14.319999999999988,
        "13:27": -22.139999999999986,
        "13:30": -22.889999999999997,
        "13:33": -23.96999999999999,
        "13:36": -21.40999999999999,
        "13:39": -12.909999999999977,
        "13:42": -32.6,
        "13:44": 8.190000000000014,
        "13:45": 9.710000000000019,
        "13:48": 3.200000000000002,
        "13:51": 11.740000000000006,
        "13:54": 21.280000000000022,
        "13:57": -19.4,
        "14:48": 47.73000000000001
    },
    "maxpain": {
        "09:15": 0.0,
        "09:18": 0.0,
        "09:21": 0.0,
        "09:24": 0.0,
        "09:27": 0.0,
        "09:30": 0.0,
        "09:33": 0.0,
        "09:36": 0.0,
        "09:39": 0.0,
        "09:42": 0.0,
        "09:45": 0.0,
        "09:48": 0.0,
        "09:51": 0.0,
        "09:54": 0.0,
        "09:57": 0.0,
        "10:00": 0.0,
        "10:03": 0.0,
        "10:06": 0.0,
        "10:09": 0.0,
        "10:12": 0.0,
        "10:15": 0.0,
        "10:18": 0.0,
        "10:21": 0.0,
        "10:24": 0.0,
        "10:27": 0.0,
        "10:30": 0.0,
        "10:33": 0.0,
        "10:36": 0.0,
        "10:39": 0.0,
        "10:42": 0.0,
        "10:45": 0.0,
        "10:48": 0.0,
        "10:51": 0.0,
        "10:54": 0.0,
        "10:57": 0.0,
        "11:00": 0.0,
        "11:03": 0.0,
        "11:18": 0.0,
        "11:21": 0.0,
        "11:24": 0.0,
        "11:27": 0.0,
        "11:30": 0.0,
        "11:33": 0.0,
        "11:36": 0.0,
        "11:39": 0.0,
        "11:42": 0.0,
        "11:45": 0.0,
        "11:48": 0.0,
        "11:51": 0.0,
        "11:54": 0.0,
        "11:57": 0.0,
        "12:00": 0.0,
        "12:03": 0.0,
        "12:06": 0.0,
        "12:09": 0.0,
        "12:12": 0.0,
        "12:15": 0.0,
        "12:18": 0.0,
        "12:21": 0.0,
        "12:24": 0.0,
        "12:27": 0.0,
        "12:30": 0.0,
        "12:33": 0.0,
        "12:39": 0.0,
        "12:42": 0.0,
        "12:45": 0.0,
        "12:48": 0.0,
        "12:51": 0.0,
        "12:54": 0.0,
        "12:57": 0.0,
        "13:00": 0.0,
        "13:03": 0.0,
        "13:06": 0.0,
        "13:09": 0.0,
        "13:12": 0.0,
        "13:15": 0.0,
        "13:18": 0.0,
        "13:21": 0.0,
        "13:24": 0.0,
        "13:27": 0.0,
        "13:30": 0.0,
        "13:33": 0.0,
        "13:36": 0.0,
        "13:39": 0.0,
        "13:42": 0.0,
        "13:44": 0.0,
        "13:45": 0.0,
        "13:48": 0.0,
        "13:51": 0.0,
        "13:54": 0.0,
        "13:57": 0.0,
        "14:48": 0.0
    },
    "pcr": {
        "09:15": NaN,
        "09:18": 1.290014684287812,
        "09:21": 1.3299690485802718,
        "09:24": 1.1951930598023182,
        "09:27": 1.238303373553312,
        "09:30": 1.2429353009084978,
        "09:33": 1.2263855643527894,
        "09:36": 1.2227298050139275,
        "09:39": 1.2261781794706261,
        "09:42": 1.2253439576497835,
        "09:45": 1.2412214945159,
        "09:48": 1.221173021937096,
        "09:51": 1.2156459915514415,
        "09:54": 1.1916691310041823,
        "09:57": 1.1922957696997252,
        "10:00": 1.1845301053786188,
        "10:03": 1.1894593950066956,
        "10:06": 1.1850116688146575,
        "10:09": 1.1761272583121067,
        "10:12": 1.1631870677124099,
        "10:15": 1.156125124875125,
        "10:18": 1.1356896321862917,
        "10:21": 1.1421772326628035,
        "10:24": 1.1463770885661242,
        "10:27": 1.1369930106957535,
        "10:30": 1.132616301671634,
        "10:33": 1.1286901404935992,
        "10:36": 1.127073708845793,
        "10:39": 1.1237708219794802,
        "10:42": 1.1225331438290733,
        "10:45": 1.1148856966679608,
        "10:48": 1.1091079791217267,
        "10:51": 1.1075172240051698,
        "10:54": 1.1159702858138725,
        "10:57": 1.1178333963998055,
        "11:00": 1.1150060512589832,
        "11:03": 1.1142341548372205,
        "11:18": 1.119413499652458,
        "11:21": 1.1126919478232153,
        "11:24": 1.112183887283237,
        "11:27": 1.1208244301994301,
        "11:30": 1.1125237341079912,
        "11:33": 1.0939473617463793,
        "11:36": 1.093102270929274,
        "11:39": 1.0911153492042616,
        "11:42": 1.0899574323723982,
        "11:45": 1.0853030230972875,
        "11:48": 1.0807631406171552,
        "11:51": 1.0755275434392302,
        "11:54": 1.0705506713904562,
        "11:57": 1.0703892337474017,
        "12:00": 1.0718493338682094,
        "12:03": 1.0703389062728672,
        "12:06": 1.0724446166406065,
        "12:09": 1.0738561372635285,
        "12:12": 1.0693780223890565,
        "12:15": 1.0664854046794559,
        "12:18": 1.0673138036632577,
        "12:21": 1.0694623478387868,
        "12:24": 1.0763913394162423,
        "12:27": 1.0755867572603566,
        "12:30": 1.0756213940433494,
        "12:33": 1.0852148670107185,
        "12:39": 1.0878532298352865,
        "12:42": 1.087367106714672,
        "12:45": 1.0873413523861204,
        "12:48": 1.0855125115403523,
        "12:51": 1.0848390329524362,
        "12:54": 1.0848186122198704,
        "12:57": 1.0853008019029002,
        "13:00": 1.084498619246126,
        "13:03": 1.0861327592309968,
        "13:06": 1.0859526659069696,